HashOwner,HashApp,HashFunction,Average,Count,Minimum,Maximum,percentile_Average_0,percentile_Average_1,percentile_Average_25,percentile_Average_50,percentile_Average_75,percentile_Average_99,percentile_Average_100
9600d8ea0d18856a6f1fa5672306ef55afac8b5e32e956579ab0f1a8c347bf4b,b58fc0a0f39c45c5f49fbb0239646598f5ebf2514eb4adc08c2ae02d362c22bf,37b5b44a20f118f26bafcfe8905236218dbb23c4c0dea3988b0122966dcdc2ef,10018,288,10000.0,10874.0,10000,10000,10005,10010,10015,10344,10874
e333879ea4145125a9e4fd3e202af49410d8fe81983d637eefbc8d0b8d722171,858120e91da58c267679183c8c2b0b65b54839a36318304f594109485da05d73,3087576c57aaf083cab78f15461f8efce6607c2facd3e54f425072a3b2506708,138,288,1.0,1457.0,1,1,1,2,8,974,1457
fca2310ccf911080b19d6e90e80e63e4afdecb3ead06a09bbb3832558ec368f3,f3676eb37576dc5aeaacce9267aa0fc4360ec1e437cf2404a638c57dee55d89a,9ae854de13d40bb9082cfcc9cf9d5832431b5a532ec3d6f56a7705efaa58e8d9,1028,1440,46.0,33013.0,46,46,62,93,1010,8912,33013
c91e30a843dfce0beadf2b658d0dee6f346b8c7d97eeb01b15a710e16dca41d9,07457ad647bcb99507cd7e558946aaba4579a8054421e0623f6872a9e32182e5,e85a8260e660d9b5c19360f58d9c6fa99f95d13f9ea82e43ef1017b20fae1699,583,288,13.0,4509.0,13,21,53,104,962,3560,4509
4a8c839c302c9e4c597dfa52c8ef8db10d082dda343c7792e9b24b3649c029bd,f0e069c2ee97e2e26804686df4dae2e58ffaf5050ca4c84cd55fadeae95429d5,5c598d0743ce77f43d6924465a037e230c59102c6e3764bc08b928fec26d4bcb,1862,288,716.0,3464.0,716,751,1451,1808,2214,3331,3464
1e5f2b93256d76bafd67be173abf7aad87a405927a7bdfedd05c17b95e3375a8,835a41a01d9790393487097b456e1efc14f1af9f0dc51272728beaab4503a07e,2a2de38db4cc19a5fce3ea9ce392ba985fd9dce865a7d439c7bfa503f9b9bb90,0,288,0.0,17.0,0,0,0,0,0,0,17
02efd0a1e4add95efc825c128f60380d488aebaa5655ee2ff5ca81dfbc5f4362,a9ac29f04a93596106f581a6c6eaeedc2e0dc8514c10c7a94085db9e63a8eb98,7472df890869186c3a8d1359f2645c8a7567db39a68bc6094bf40e7384207e3f,19,3515,6.0,5387.0,6,6,7,7,8,178,5387
c21e5054a535517fafc56f185449e08d332c2e9287d6f33cfce5d72b42033c3e,e9074dab7d9e7ecc1cbd0245012f7a80a905d72f6e24d09b3b3d0c1d8137b3cb,35196c9a3cee4e22d988206fbd9c69327d752d7e77c145cea2a4c5babd743855,137050,955,25.0,300372.0,25,56,68533,124411,192179,293093,300372
30a876e80855f9f46187a876eb5d2d39a93fb3d1b9f31eb7d3b2859ee5a90ab1,8f044447f82ae4606a5762193ff61b14dbf25e24a816197e01a73fd8eba1a93e,7ea6943a3283f724c12c50663db0f70b1f95d21e3966c2b10f1256c53053852a,35,3066,18.0,2018.0,18,22,27,30,35,90,1561
b602a90cb8ff998be304c3b3c0d755ae638062ca83dc4fe237cda67a2a1899f0,3d7322c54ad4c156f573c247ae7addef21e87b588712204d439465358c03d3bf,6641a525ff49a5a47695d10f2347760569aac6a94b442ecd0b9527f9367d67b5,30,720,3.0,1558.0,3,3,8,8,9,848,1558
a13876e7f5f1150478cae3c59d1924a385e62076dcc68970cb55df18ab72c969,0d5134c5b914e413573a538688676d188b6acf2b2d090253757029a816f87cfc,0f6ad4a21372a0c1c319392c078c4eb047f709fb795876869258aa3474b6e191,9087,60,6923.0,16162.0,6923,6923,7374,7816,9752,16162,16162
6c3d59649e35dbb123096085713161551af4fd6da6396ae73e9fb5da0c7d68db,215f4b669020102ca54d8a5d7f6bf45fd25bb2a90ce9dc6f37784518c5936e72,e4c9b86e49fc4881785f57664c7080bfe0cbf49fb876216af1214f227685cb15,119,289,0.0,772.0,0,0,1,1,8,766,772
efd511e7a6bb48fbff316406582068e230ca1ce80e7bfa67cf2e398acd43cb35,7bd7e2bf570cbfd6ebd72c628aa8bff1fc9627b8052d8960fd94609af575d663,cbb155892986a500d75907ab964bf26e67caee4e2fee16607e5e36a558c7c07d,26,288,0.0,1099.0,0,0,0,0,0,1008,1099
f96e634eb2b18b9b608122195770dcfe4cbc000ee90e5c967940cb71cec002a5,731cb2669db506b18bfca33c1fe8f63a1bf8ed671bbeda51cd18ad783d2853eb,07f58313aa95ffc4d64c9a6a8967a8a6adb416d6b2caf430c21b22378af1e525,933,720,17.0,12037.0,17,21,60,858,1090,5558,12037
d61f941f624ea4a33f5f76f2b0ed748d382b56e518ed2e900c6fd63905d92b7a,ba35a84448835efcc4539208989259c90935737e010d3d8e2293f97c4ab8ba72,d666f873289af339842ec02fc2c984077f78dea7c7c23aac034b4c33492c8557,4635,96,296.0,20272.0,296,296,546,1942,7334,20272,20272
8c221906a641b9edb97de8a063644d1dd14413d937ae6b335c6dc1f39afebe01,a276948d19284f11116c5c7b384d40a1f711e8a3842a6eae75e4957e2436be7b,6f4cfac06dcf33012ed7a81dd70f35507e348d6b1d337507385aef8c890e81ce,11027,24,6009.0,21053.0,6009,6009,7066,9235,15451,21053,21053
6b0e8f7e365dbf31fd3876c4a6af805a299c4a391d49b3937314453d4fd10874,896e4afbea0a739c64ff343850e76ebde14bb693cb847992ce40bba868c2c145,2db2c2e0bdd12a51938841860683879f10fee466a186a4c2af249906bc66f9d7,2339,96,296.0,12037.0,296,296,454,608,2770,12037,12037
14a9dcab295ce83ab3ef0bc73cf1e6d3c1241007067bda7bafe64c3f6877baaa,36119464191480d8182c3431ca6d11688d6d72b50b6f72ec81d8f2ed9cdeb7c2,d2feb9b9d434e30df24e30888d819b1913a2871bfb28c9f9aedf7f142f336350,9562,1,9562.0,9562.0,9562,9562,9562,9562,9562,9562,9562
06251669ac5f2e14073bdc770578f97085cb4a623838a7a530b91351170d02a0,c0dbf8fb69a23368affc2747834d6dfab9cdaaa7e1dc3a28d0c9888c12b89b81,64ffa759cc1fbcbd935b96d1f6b182ebd12f648a6a9783eb7a676f18ca86b98b,2291,50,828.0,7053.0,828,828,1234,1799,3048,7053,7053
30422a46bef1badfbf433ec88f7b93b6c0b4468ed03a646c342bcaed867d6034,bdf65506ab689c4d81ff909c6a021d77163b0e616fa4cefc8b61443827dfb443,c1343fb5b3b7294034c8170c1717f0c22c6e6f858d00055db8f15ade216ddcab,813,1,813.0,813.0,813,813,813,813,813,813,813
d906c244adc52b6fcb91495f0edf4841d67e0e257c90f4b140e5dc883644c097,d0c0307ce95c64bc5bc716aca3be6d75362001f49340eeae14c16eb17d0df249,a6b82195c5ff2c9ba59953c48ffe25d9ec092fb4874e0c3b23db18cc53c281d5,4,11483,0.0,1239.0,0,0,0,0,1,191,751
7acadb310f118ef21fec404097b3c6ab094cc949e922c7c12acc9f77b0ab22a0,d6c57e141ad0f564842c925b294ecaeee27cc45e9e40b751c49dbd6f08473aa7,3036a9d0dd2d44c4de43dce4c112d0e8ef9ddd449a16ad51d5fae474f0f1dd29,29,1440,11.0,593.0,11,15,15,31,31,93,593
eb95ddd0d6c8192b4ffd80ecc3e2e01aeb24eef7c20262c26ef6a3f34ccbd7cb,7b1138bdfbf2106f2a5e58f01693e8e63f9526e38665b6ace1a0a23d056e1393,b2d292a8c89750454cd027cbc3a51d119000d4e6d4fbfc2b69f38e4a168fb553,273,120,20.0,884.0,20,20,148,293,335,874,884
52ca2abb2c7d0464eb2029bf916e3690101405232e1182d4192dd6deb4190314,5c956aeddb49fa66f17f869b76250c5ff320ef0739598801e44ead10037bf24e,f669c9b3a576cf77cacf779c3f8c2bcaa58b5f14ccca0da64d18b6682ea9563c,9762,3,7575.0,12194.0,7575,7575,7575,9518,12194,12194,12194
4c1f2984bda6872027cdb182a8fbb059c25ec2ea2ae3a43ff2d57b719db0be2d,127ee2dfbd34efde36de38259b6e40e441dcb99bce64a477c090875a79ee63e6,b47507e195b3c8c280d0d04cc6e1965867e883289a75fc253234d41163b6d6f1,9361,145,356.0,300038.0,487,507,677,859,1296,300021,300038
8bf98b528af956d66b4aa83a9ae866f18b454ec7eca6f22244e9def6146a40f6,df0a85ee173160f998418d3fb3b3c13585fbec060621f80fa3a417f7e85cbb63,913cde166a84cb3e1a952dfd69efe931c395ac04b81bd0124de724b5f60510e6,6210,12,3203.0,10995.0,3203,3203,4375,5663,6064,10995,10995
15b0709658399d207f915d89197845a7c9619e6bce323e782d56ba1fbf52e8e2,541cacdef41a43ba09a99ee796820ab7f7a2c0aa56d85d884decbc67e49730ac,9fcbb1f65b7a4ab879a8d859539143d7df744dc002064a1003dc71d4f13197ac,2813,6,2686.0,3106.0,2686,2686,2714,2751,2840,3106,3106
7770498d108bbd395ef78d7b015138646a4d2360189017bb2005b57ddc8aa49e,57306ea8918aad5423bd2f6891b7899294f6b04baa2ce3afbf1459f84a91b15a,2439e79ea1cbf793d2004e6f9f03e057fc31a56d83cf45cf732460daee41ddf1,5183,7,808.0,7442.0,940,940,3766,6297,7126,7442,7442
06bb4e584e07bfaa66a43376f8f76d5be3906aa10f964fb24acbc76c244e0037,46b015b17d44b6b5f15c94f4b4505f9993d60a5e4032b31507498351239ff085,1864aed1c7d8fdbfbeb4540aa11c9f7adafab8767ce9cd6bd9909eb2b60ef391,6,558,0.0,78.0,0,0,0,0,15,46,78
4eabe712f5f72734cbf87046fd23481de28afb719d71dbe920ef652db5fb5573,ca9c1e54e414962b76b36a91f1234d274ae796a93c791a5ed9c084e406f456eb,b994a25f7089c3526f3355e0ca8c83e5b98da9e2447e2a9465c57f745418b02e,994,1435,62.0,32115.0,62,78,359,515,720,6512,32115
043f26684f3fe3f9d80bb818cb3e1d9a6fe4091f32871a97922aad22b0a6964b,9574efff3e7a2116364d65c3e3f153b4e5b289b65ba9f385444e6b26975f5307,44b3aa48ab5e26e5fccf0717e01e63357c33c19f1710149d83857d17ac3629b8,785,288,85.0,4103.0,85,90,135,729,1091,3663,4103
ccf51e739dcee171d7dc761377862013eddef063ec504312480a09d6344f8db1,ed6a23c1f68c8f3a8ce58a56ac39808948c1452cf6026117d2dcec26904fb0c6,6cc26783660ae5cb81bf4ab81a3e84179653e60a7133bffbab489c6c9e1a7427,4562,479,12.0,70333.0,12,15,123,2872,5697,51076,70333
7af3bb5406d302f25079af17d1bbab50a16aaf2de266dbff34ef73bc2146b437,2379fdf6e0a2ae6f7fd0be0efea7e97cfb0c532ff66b6f1c2a49898cc37a13ec,b1352f3dd9fd95b9e7c0df9464a9e6378d11a3ba1770fcc176d5ec50945baed5,16,1439,0.0,187.0,0,0,15,15,15,36,187
eb94c90ce9105dde9cc95446fc4ffe57d10b17b33d60a67663a4e8cf4d117459,0d5bd66a19a75364a20ad582f1cc055450c7e034b26ed81848654f879c84e565,d8477cb60db1e13b11a2c1468f772ffb534b0ed20e79895b055d9dfe77fe03da,240,3203,77.0,18088.0,83,126,150,171,220,1819,13468
bbeb1f0bc390e8fdbb5df04a912b8f5528c92b2755cc00291170f303aff46cb1,38dab86e96e37bee3101fe3b4cdf3b5f0328db9883282fc1b5c2db9b1aebb768,8fe9f2ae4fa78bd09c964cd754d90592c520c52eeb7909c1fb4933f27a4f8fae,137,346,0.0,2172.0,7,9,23,46,76,1567,1781
fd8a2430aa1d1b6fb9e059ff6268eabf8bbd77e68a6d5f38195a67820149b0ab,ead6d007019eeb194a900e73572e536aa814dda08552efbda8157de6e35e0a8a,326b0a304c0dc43dce757408d9570c09d66167e73a4dd2c426ed9e13f585037c,87,576,15.0,7723.0,15,15,46,46,62,328,7723
dfd6812823e62bc0aaac00933fbb3cf4a00d1cb7bf152b5f60f66eab6d8e08eb,972d9fdf5ea5696374f818e0d91cd8071c5d0a6b60ab7787bc3c908057019ee4,c9792c23b194d195bb0c3931249d59eb4108ca2045f4a137f1907f0fb259de7f,215,144,1.0,2369.0,1,1,2,2,540,1015,2369
af925451afe259cecf434bb3df2a992d25527d762d8575375490c6953a707916,3613c547e774c150ffbdb038e70848243173dcb85452f8f5cd4de0f532e19997,7a07b76f4fc02186fe4fa033b413f1281f52342329c622cc1c2785cd5d0bc292,312,144,62.0,3468.0,62,62,106,124,170,2249,3468
95dc325a4a22f2d6368e04c54265752aad1ef0207cd08ed2ffa698403f3c30b3,8ff155ca64675790a6a328868b7034999001eea2227ada86db8235c6f94f9eee,b933b6af1d1445e853d2c927e692edea2ffb45cb598be36af5db1574f6c0f5ef,124,1440,29.0,493.0,29,62,93,109,140,265,493
34288fe70afd055f9995983bd23fb0eb323c7cafa594b7688f92cf952b3ac78a,c2240cb6e5bcf36c60594d9a04e8a56b0d4d9ca0b493315948cab01306e0e4b6,17b5361f8f1936c3af2b97104f584da3287985db6b74d09a48f6a512c75fa6a0,94,1310,14.0,1964.0,15,17,35,57,116,565,1404
5a188da878112f5e561cb799a8f8c139f842180697cc5c3aaeadd0fefc45906f,08d3a654794cf1c4b124c05b90f7a267d564a9fa8acbecdeb0342e4e55b412d6,b7c64bf8a681381d7c6913a75d1c58030fdf787c04b09ee79d425c972ab19989,95,1440,0.0,1001.0,0,0,1,1,1,967,1001
435402991b3d4f6fa58a142b1135b696621167589cee02ab80f732e63a17e752,9382c1aaa07f9e63efca184120ea83d18d5b976b1572ad22d908ab9e4d9aaebc,34ff74cd17b94e0948e550f0f592abb067300b4d0a562e2666330bedd4ad8b8a,23518,24,19425.0,30748.0,19425,19425,20256,22445,25954,30748,30748
e66d525b0b03afec69f923e2a2e0c2bb6476d4d4ea29ab09dc45ddef51d06b31,11d8ead2e03f672be375efafcdca088433ca29b6e9ced39989cb8e71bfa2c974,eb919bc54f8f84ba295e3a5624517d1ebd3d6c85cdc69352f121834702e026d6,442,128,6.0,6233.0,6,6,15,32,338,4060,4140
fd7fc2b625581e420bbc6357a27f7dd2bb5eb97531dee13a923cd498b7b537fc,4c3dd558ebc880648bf92e7586c2129f19ed5e749defee2ea94c023c716bb15d,53183b674b2299cfc9eb1cb75dc9291971ff3bb708069479a764af065e70f469,3715,24,875.0,7765.0,875,875,2222,3161,4637,7765,7765
9edb01447605394005664fc11c299d95f608c4b5a9ee3077fff8aa2903bc8147,aaac1885a327e11e8314a9593a45cb7fd31005407135a37a99dc5a0e2e9e89ca,f5075844195b9181425b7e033558f92dcf70f712b99dc93b8cb55a6054c0fbd3,5,40,0.0,29.0,0,0,0,0,9,29,29
f92425b09ca258ceb7b6fa1698242eb2bfb06227494ea98bef83ad4e33ee0201,0d255b3bbb644c12363e9ed270f79c6fbff87f3b5c5d38f4f04e07f6282d0b1a,e52647e6ac60a627a80ccfd15f2d222535dfc8ecb3c70c3ce8ca7f222c662cbc,281,3,22.0,452.0,196,196,196,196,452,452,452
5537222b33f7b59a0450ab88b8bffdbdf3d9307cf4359d0a74e022ce3ed74daf,4b05f738540108d0269b700201cb41e3999dec14099a475e348a0dbc76fa417c,398ff94a81a6eea8e999fb0f5831caa31e861d6426e7e3bb105ef14a412d957a,8414,883,141.0,116052.0,162,203,615,2925,7048,76337,116052
ce7c8e242f1fd2c39ac500a64fdd10633fed6ec0707cd527d91baa6ec6ef89b0,9bcdc09cd4f51e9a386fa6446a368075ab1d3826daeb74ee9df2f61d9206b422,cb4f5029590dca2f2b697e7d2ab363f221720b20180523c5e37fba2520d39ed6,18,1439,0.0,471.0,0,0,15,15,19,100,471
c25061a98a0cdeaa3641a41d0562fb7132b16aa357d5294d9a60db667fdab169,452b081762a85e5b64ed76ae449f8fcb4995a335d76d69c2ca376154fc167483,c9f6e8187913cd6e2d668a249f4167041b6376b05b04ecf226401ae993617e57,1258,5760,1045.0,3701.0,1059,1087,1176,1225,1297,2054,2474
edfecd92a50a0675d4f74b6fd763848b70c3cbaf2287b454bc1da9ce8d855759,f641fb42baa41e13abc542a808f19a2c4109d6f8ff9877272824e62b9b9eb08e,a458ee86b9c4d6abafbe0f267b89b51e15cf32c581b8a846c06035dfbac57b05,326,83563,84.0,100066.0,142,156,228,289,382,824,3893
d49a91b96452c8102c4d2f18647f0503f5bd78c8d9110c60795654c58fbc4fea,8e2c2c8497cab91ae22f6d3fc74a5a749130445d0548e8f45368f3fa31b5a5f8,b3543c1d08ef66ff13e0df698e0e9615e4a497ace232c3715779151427fe15d5,147,159519,74.0,41773.0,80,99,113,123,139,473,39915
79ed09dc514b430b7a440f405147ce153c4fcd687e8107ea83eda40e4cd0d604,375444c8e9740af42002573e73ee3ba4963e43182bdace1156011f99adff1be3,b2b015b52e674b908b7f7333706efd5b9532a4ee853d95ce6e9b0bedb66c8d8f,50,1430,15.0,406.0,15,30,31,46,62,187,406
d88a27df3d4c5813aed3679840123897591444d276e112e304f3c32fa91c74f1,2b9f408988d9c059ac1dc4d28805bf82c4ad2fd16e16692e305aa234447b2c3c,12a1c3ef1fc24b7ab3fca0c2418014f4c6d37dce507d595341fda219e32131e2,99,5098,36.0,6537.0,42,49,62,70,99,308,5607
fce3df39cc253427e6ae74f2fc7bc9db2c0433024274915d80d602380d8e04a6,7051fa9c1b5e09d7905b7c6e2d996998107c0bc48c91bb0f859ebed0b000a97a,0c254329b5f49e169e0f2a3d1061f8faff1bdfa50a86be3b574d6e0d1f6eee14,32435,144,2640.0,82701.0,2640,2796,17864,31397,44453,66493,82701
fce3df39cc253427e6ae74f2fc7bc9db2c0433024274915d80d602380d8e04a6,7051fa9c1b5e09d7905b7c6e2d996998107c0bc48c91bb0f859ebed0b000a97a,c924118da1a6de0063acf9cf172b2325a65fe87e0466ddcb5f964edfaad4bfb8,33328,144,299.0,81609.0,299,1390,18704,32371,45042,74932,81609
0c9829ac2082a564a19d0ef920cfd576aa050fd693a34c2bfb695f64a4816255,b6ee2c3328157033a45d6ec555d27485f6d34917829ea3845a75422bcaf5d973,7c56374fdc9052612ffcf0a8391ad64c96cd82394e9052b0b1035001ec0686d9,2,4338,0.0,764.0,0,0,1,1,1,7,586
e8e56ba84498ec7e4acecfbd824587a399e47592cf9388a45419712de931a3a3,66304569269ba87c82d25854774f7847179f95d8897e07455f383f8c3df7ffbb,8c3ba8c34904b078ed64a795ea6348c1392852d2e18ea089aa1aa004b9a2c20a,70452,24,5152.0,113316.0,5152,5152,58297,71185,92616,113316,113316
d27faf5a98d40a6ba2ff08c0063b11ef34993c5f29d2f8d69647d043c3b4b26f,5d09e27dfc4fb33e20bb4a01737ed8148314936daf691d3574e528dffdba797e,4cd72352e1dce1401011a52a6df4bcab4d3d3f6bfed28f7bddff264335575e01,1350,24,907.0,1809.0,907,907,1202,1328,1535,1809,1809
fbb5f367c581476a53a186c0b542d146073bed7a0d84567b10077bc3354a3cf0,ed41bf82dc3ad660ebde799fa9a845e193bd32584d895f5b5a76609211485c38,8e1c086aee554e25a173030d11cbcd0596d3a1ed498a156e1d3fbb6eade79d4b,109715,96,71355.0,186515.0,71355,71355,83429,107167,128849,186515,186515
dd8f6d548246e9a0cc97a8ded96b56edca5a6be65906ef57efb834ec21fbdc87,bbb6e44d7605cc575b5ccdeb73da76d2ad173c27d39171a96ace8d68517f515f,56269cca8f91ba39bab62d264e7e744db6327a66296859fe14a40fb9272bf1ab,741,24,165.0,6757.0,165,165,196,228,303,6757,6757
75332cfa303ef7f7367c7f8f9aa7c9f5bc446fc04993a26b1e67311378690cc2,5a65d31612d1081353bfce359690d9e58e5c78032f4d1d2895092fba6ee9983a,9a060be202faaff1529a7c47e4ceb52309e58c2973bf2d813338113be88dce58,12394,24,1031.0,100558.0,1031,1031,1328,1766,21536,100558,100558
426bb2ee80d370940aee9f2545ecc83dfd4cb86d3f2794245e29d182f55b6624,6c6d38b47e6363b7d2727aaee904920930f6cc5c9d6e69ef507bd1887ca22f29,80b613da9d45d3cc6dec16f716b1ff382512bb91354564245b5f22bc3e45c03c,16494,24,10193.0,25349.0,10193,10193,11982,15044,21055,25349,25349
85d593148f30200455e483fc5f4957e2b778bb5227a9daba3b7a44e591051967,f120311511a4af60d3844ff0307bda8960e495fc5951e5ef9e8d1280f45196c3,23e6eb269f4b8f405d773bd5e2ea24df2a6685287cd123c1a23717f85c9fd58e,51,48,0.0,754.0,0,0,0,0,19,754,754
3255dc71d02271f80871546e54244d8963f25c45000d50c12ab37bcde22bf13b,e9e104a448c11013b250fefdcf71f90f434ea837d31c92dbb39b59bc836e7842,09aec0fe39f84b7bc95f66961f96d71389af9584fab1d051093609cbb51c701f,6706,30,130.0,16459.0,130,130,1681,4001,11669,16459,16459
7028cc64141a7e04411bf7940901323153effd5e38743be93964e565ca2dbdae,37ea367836d0909f64166b6753bd2ba58bc8dfdfc8ac9f33173d6f40f056ccda,f07630a2da597286635f91eab12ece02d533e776a76854ae22c2511af8e54ab9,345,119,46.0,4072.0,62,67,101,156,248,3359,3754
2ca23834b0737c13a3d3a9d9864a8033b1f544bf45fd35ceab9fb7dc5528fe1f,bc97bc28a9116d4442d9ce5a705749a9e8a7de2ef827766a2a33476f87dbbc97,3324ff9cca5395d4fda495056e3322571bf74ce20481e114d6cef5dd8ab95675,415,12,32.0,1409.0,32,32,58,109,304,1409,1409
81d0305d84dd2d59ddff2598ecf943c11ecf5f20b4e00abab52bbae6ca7ef1bb,b60f461c94536df93a665a13f7fec98212fbcdcb84360212459568fcc7bf20d3,500cd5c22e9da3649b92a17c51e0ab62bcfcb5031bcba4173dc31341d3455264,92548,18,17300.0,218649.0,17300,17300,49010,59403,147073,218649,218649
940fb522ccff70261e5d0604347fbbd8ef84bdfd6a06643333b67de0a076e43e,22f463b12def99ba6114261f1a8c1f690382c0ddd9d8bf2655bdab1a1b7f5fc8,13f0cb511f20881e206b21f1d4d6dd05f3b3653eb24c581b897419b8e170652d,52,496,0.0,11645.0,0,7,17,21,31,319,5845
820199652539a5544782c976b3bb919b16daed14e0e25fe1adfd7a534ffe81ac,1a29a2035e8a4cb1a23c2042d1beb863d0cfe92d87201149c479ce5c44a04a27,bdb916ec0cc5fd7408fd775a54ce630d55b75ab5903a4070306a86ca768fc515,818,111,15.0,5068.0,15,31,129,279,1081,4891,5068
5cf19106078f816d8e8875d739bd3d5c26e4bccd06af184041d812c30e17428a,b649fea02a45097300e43ff5c684a66467d9e94d075ace6144b56b514ff8b79f,15a2aa6de34b915ee68c89ea919a97b2871726ab3e6c0e19163e54ff8f80e320,20,23,7.0,96.0,7,7,7,15,26,96,96
30f65f4f0dbab0d7184a94e5541f9c43b873a20b86d755b1ca499024e527b3ee,de59ffa3b4e2e0e04f5e2c29125bc11a4bf02ed5c690da9575b4718114c01732,c51f41e4763377560b757fa5fac6f6c103d7e7a2678dcc28419050c8d197d114,4088,9,2105.0,6373.0,2105,2105,2730,3038,5664,6373,6373
0ccf9c75230e308d25ee3e768f8587aeebb410430a9ae66c5675996974183120,361786de5317c64968b2f5587915fa47efafd299dfb7f905e72037844885be05,4c355dee202e0f37927c55ca3e41c51b29d3b41f3ad0e17d36f3fbeed2228f76,67,30,11.0,371.0,11,11,31,46,73,328,328
c36f718c7130444ea56a6b1d68584a7de62b99e51e6a468edb6eae6364b01eb4,9c0157b7d8184c5738a4c715f6d05a9d5c025c693ed99526c4213d1c83dfd1b6,2db4e89bd5b387e1c0389d78266593db7298778be7ef9f2c9b8170c5c374cf36,147,13,6.0,1497.0,7,7,7,14,61,1497,1497
9f699419c6fd3f4a4047457a409fa381b43bdbd90c23078026f7e74c63b86587,33dd46ec09a19904c9754297a166fefc36bd3f2ce2e844cf40f6685e2215eb72,9df62206272ccb8c60714aa8b1c4b045f2092e29a0704237dc19e900d1c41d07,1562,1,1562.0,1562.0,1562,1562,1562,1562,1562,1562,1562
c315c5c56795b745589b4e07f250e04fd4c12623e5c6f612b2b276174813bbfe,8e062a005b971f6afa334e8817d583b9ddff11028eaa05ec4e38c6783813794d,255cb5efbe7324f962aa4b03a65882f521a8efad515c486e7131dab83e7867ee,317,450,31.0,2129.0,31,46,108,154,315,1670,2129
51e8b401023bec5609fabf67b7f3c24d4704a969fd073f40879635dab4bea90d,ea429ed7bbf3d7e5e1bed106f7488252759b8fa26f3110b560f7c1e94b37eeb9,9ee34f939f0ebc9e6d3b7cd4dc07814107c10d794a83f2abbe1229883b00e8cc,241,288,57.0,2129.0,57,58,96,111,128,1991,2129
3632c7fafb208870293b96c1907dcfe22e826c821900ab3506eebceba9294d34,df55ac1881d6699c7328ee199189549050e78639def5d7904246363068eb0572,0cb7513da722d5670b6d1a64809fcc2b80bd92c0f4705f7aed0baaf025ec435c,1021,480,283.0,62967.0,283,292,333,472,1204,3857,62967
97078d644a054e47f093b8488b3698c4c79b64c48c336b76bb1099c941b32443,179ad3ca50a92d17d38b9650a569a9d7c7aaf5f9b1334ca971339dc0ed5e0b7e,807066495d58866a7fd11f8286e4cd71f5ad93c35380b6612c48dfb560175901,986,288,140.0,50115.0,140,156,191,218,281,30123,50115
0db1e245ae209c3072957d5e194c466f580805a2aa4c872720d8e0679edffec4,7d7ad9ef9f3188f940eb1d1f579097b2bf00d5558741433b3639bb5d80f7a1c2,5c66a11d8ac6e2b731ef204e199ce6f3a360e352c79a4686de3db97bb2166670,199,18907,10.0,39292.0,11,15,24,33,59,2484,19657
3ba1858467e872a28681f99450dc1b690152be6dc3bc0f86f29f6aa8f012e9c3,5509b8d12fa261b1fde950d385399bc6406dd2cae03ef5ac2f8cd93d6a844aa5,4f8ff34f6bbfee2e5bc2db98bf278384c894bfbbb2a729426b5219b1529ac095,170,478,1.0,1484.0,1,1,1,1,2,1321,1484
d99120ef05535570d294a076308a835d47aeb8df68acf8ae2850f390c6c0723e,ccb3f3ab283b6a7e20f46222a6fed29ef0fc01a393549f3d40e2b7eab379541d,0b8bdf3e1dbd827032c944190a28c0632716deef7e827b5d3aa6ed0a232be7cf,265,135,46.0,2740.0,46,46,125,186,312,1810,2740
0673afdf2992d66e86e684bddf6f777b592ce24c836c8a15e7c3eb03971f5714,2f23804abb8cfd21294a2916c7ad3df0acb62b82036319100d49620fd34a00b8,c3772de8f56c5c29379ac1d671457f252a3cd0c99918bcb79bf1a94918aad6e6,37,279985,11.0,9936.0,13,17,23,28,41,140,413
7be6312a3b51be10c30836b55b10d002b802fdd0ff9d24f3f0cd091bcb2bfefb,cafe38a11e549f987beb8e176709df0dd18f09f251c4b827753a5407fb44bd60,35ba03daff49aaa6e8f406df1c051ffb2c183e324371518f8b6aa5aa69d0c326,209,288,31.0,2549.0,31,46,93,109,151,1750,2549
7796dd2955b15ab4f52ee7697f6bafb6be1cb98e0b3e38291f430b7540b42ac8,63ee3829952ee6dd25d71218f013e9c9b92d0557c4684e277d97821ca1ac1359,04b627af70418d4fc6ee75093a19aa938b807fb3ab4c22250dff5660f5df660f,837,288,31.0,217576.0,31,31,46,78,93,265,217576
f6c788c7e2204e3cd54a1d7ffca1b344773b3434d3d6a16b371d822a58473e5b,aaa9d6e047779d0e9568e38f25984817aa83ac8551ece324a0e5360c0f2d439c,17777e17d0463387710a37c8101729791d747b3e70e340bcf13fd63e923b729e,997,719,665.0,12520.0,665,672,726,773,938,2732,12520
0f5e1fb1f7f9eca79fad833cdd501fc3d21c01a113cd3d9dc2b3b468970aa864,c9f5c6850e40b74fe5097e420069b92185e13488436d2eba7d6211a8c01da5a8,a27a9929c5bcf9fd535415a4ba03eabab5bef7760ce2266978a34174536e3b06,1663,287,1312.0,8815.0,1312,1318,1405,1456,1585,5012,8815
486e10ac87f2c7495ab672094483c49e935e6f7e19b2b9b7157be7f9f949244c,0f2826a3b062d9301a32b6a6f9a949e72002931d969a14cf607fa6654cff7e44,7866dd64c4a1004c311c160a5163eb48167fef283bb94a00112ee964e2bb198e,33244,1664,93.0,424878.0,93,312,12519,25094,41094,199015,424878
9d3fce5e33b12102be21de3632809e7d0c0f65d8acc4e2871c9a0fc4fd14d1d9,b7342482d73f26c1ff695884854492d6c64be226c133e503a1ad68bfec2e25f8,d4f06d6331862c6d02fb8ab6ceb1403abcbb0ac5435661f6de6b7b70e1905675,132,109,22.0,912.0,23,23,37,102,169,713,912
25f90d0cec69387fde8cb8163dafc78908da4cbe75c09140d66fb87c602a3b39,fad2914f29ba250fdd7123867d4dc529f97f81ee619f0c4dcdbe424ddf40e1d6,237107fbe8eef9c12b91435fd63e68048cedd8b5f3c2c665960b45b9bf360e3e,559,144,0.0,9894.0,0,1,9,20,535,9144,9894
acfdfa8e231cce425394c7c5901b3e455b558c3c791a50ee1d43121a84ff09d3,7bb1376f980bf6f7f423272134e99ad6b35c1b9cde224e694d3348ef991d9167,762d22c5a3d7590bfaaf38550de01d44946a18c3fb415a04419fb10b97775af2,15,1162270,0.0,22625.0,0,0,1,1,2,369,3918
a45faf562f56e38ba5b1dc1f938c9944725ce7da0e6c2487da7a17f80bd3173c,fff4c266c6912dd6dfe2cb32fc6bc42e47a65438e9e9d845514b1e5486509843,74c96889b3a39e24bd0e4b041d7127ad4a90f98e7abf4a2953097ece0e0a1c34,201,288,4.0,2984.0,4,5,17,26,31,2017,2984
ce211fb8b67b0e292746c8f088755f5be1a492d6150773cd941b2470b7e2a19f,d1e970b4a8a61620e4db0f7e736c326b58fdd09e78ebede0672260406046a395,8f7396579ceba8d289a2fcf72eb8cb1d79ab6707495326f91d2925036e885087,1730,310,178.0,7788.0,178,241,457,1255,2484,6831,7788
46319ce4ca93214fad507c76bf52f84a84784d6742c8cbb23290b9f495d24894,1aed6a5aa397da392fd0f73a30060ddaffdf548a890b73e666c81a11d2588aa6,5c55699c78e268dda8ac46c2ae1f79b90d5e294c1daa6fceb164bc920405f428,4309,96,2421.0,59842.0,2421,2421,2743,3193,3916,59842,59842
12a4f41883644f686917e847ca44324ebbeb9a5942750561cf0832189ebf2b49,aa33c370bbdc55466cdd4ec072149ca1f9e5454cbeb5097f33fd213d109a78aa,8fe72390bdd456e3e67822bf68c621e0b1102bd99d5304a434961e494fa32f64,2163,48,1250.0,4868.0,1250,1250,1421,1688,2795,4868,4868
7fc1d572a679c0c45cc792221490b05ed4daa9b02d76544bec3fe37ec193e357,34077f203c66d05b665f7b75c3a9a88f42262a942290789d3ea2a70e130923db,69993e160c269644c85aa093f163eec616dfe5a64dcabae3aa8f4712e01e314c,11324,44,4578.0,22143.0,4578,4578,8612,11160,14205,22143,22143
64c3698bab721c818864f417c56ade535c191b453d057331f269fa352afd6534,901b2bddbf4792266dbe3d62c2f5e2ef4df6e959c1a72e6596695ff3d8f7bcaf,1244a5b94709cfaa2fa309de715e437f7d664a677037ba17785d65008786fdb6,379,24,30.0,2033.0,30,30,51,220,343,2033,2033
486e10ac87f2c7495ab672094483c49e935e6f7e19b2b9b7157be7f9f949244c,eeaa2fc74a29fb5588ba72954028f41789d8ac5875641bce59d315dc0eaf2817,52f91262d9d7b330fb8c2a373f292a59b7647bdd95b80c525ffbfbb977ffdce3,4128,24,2174.0,6127.0,2174,2174,3593,3931,4483,6127,6127
64c3698bab721c818864f417c56ade535c191b453d057331f269fa352afd6534,2304542af5156f9148d0582975bcbfbcc90bec8daff0793cb66f5e6b9a919d4b,e9eb4373a2862448d59fe3e5667cd85388a96d29281fc62633356544714847a5,60,17281,0.0,6373.0,2,7,13,24,47,378,1805
77fa2040519aeb2b2cfa7e6eae744e74adafd96c5251ef7c17a7fa1380a3ce0b,575a36c082ab759971e7d7f2256da695c575f02475b99cc7de7ff3f027b6216f,0450677650c9c08b293309bc3781a2a4a2f04d0cdcd2ad3774b9b316d7de9956,239,24,22.0,2571.0,22,22,46,61,96,2571,2571
279c99177b2239a9353b4fe8b31b7b2675fd065faf96a6ba829b8d7b09602060,c84702efcab294377d8337c8acebe4a05ae6a44c3126ed7abd6652b531f80502,a59244f22f2e395434d51e6dd2076cff11e1d181fb6de4b811c909d0cfe14901,1402,41476,0.0,93193.0,127,138,203,251,393,29805,93193
97078d644a054e47f093b8488b3698c4c79b64c48c336b76bb1099c941b32443,c51b4c99f14d7d54d6576aa4263568a3e7750729537d2963c825d13f23647b0f,f3af0e1c018cf2aaa310c74ecdf2f99eb1328b17438d21ae0597fda04bebd90a,114,211,42.0,3126.0,42,45,56,77,94,1411,3126
041a64c9b0d9c64fb5ed567c715a5b20508a52c5f9fbd2e17930b008c8e0e449,24ac3a9c4886e050dc6d7b97057890a682d31856bce52d1d799a9a36460780f6,a4cd330134a6d4973a5cbbd2ba5e77ddf52f31a920a853ee4ddd80ecf0c6edca,4540,3944,140.0,14483.0,321,1151,3739,4180,5287,9352,10619
d454b3f65e91d057c015a0b84809798f20d0eb1c483a91000cf6dc58c986eaae,64b9ebea442262fe6bea364030dfb2454caf37b4552b9e9ccf8b5898afe24be3,44bbcdfe942fed4dc54036c7304fb8f5bba5e55cbe4367fa225e5bf66f02770d,65,12,15.0,144.0,15,15,15,62,93,144,144
c989faa4acb691e73f62df743572ab783697398878fd6342a614bbe5db53366e,efa1941f1304f7a68c602fb2c563d83bfbc5fe5a4fa1c865e995bad5954e74b3,33308aa264005831d6de97cb6b2bddbb1cf8fc7ef0b6dccd1e06a3f9b88c6696,516,2472,0.0,19257.0,0,18,28,38,60,9901,18776
965af031a8b7962ad3c97708a92e0d144d2d787c5abe454563669867fca195ed,0b8143c6b3d067663138416f950970f18473d2f1761020b8b31bf042b59fd42a,046da8a88599b7d5bd2242efc86d4d62718f69df47e6cdcd771a14d013a83a27,10471,40,3871.0,46632.0,3871,3871,4536,10046,12014,46632,46632
355b20b5792a604249d2a13747c82c7ee89b22058be2188d1d6c93d8c902bf91,475d610cee97ea9b4050b40622d1306b92323b69a33096b0d4b84e60c2da9cfe,c5ef475bd46affeb45c4f9656d8fce6e5485fb8bbfb52ccbca9955211978e648,194,24,45.0,1125.0,45,45,51,59,183,1125,1125
7df3c82203f3a9b8e70c13f264c0efbaa99b9785c58755e3da0a5fc40522be89,c7e7606c558421c57af247de96006c670392f4747a1bade86c61fff3a324408f,01f5385d960e92e89b76f9633f8e31ea67b527ef41e30a74bfdacf3cee1a29dd,7842,120,3851.0,16449.0,4228,4228,5140,6943,9060,15741,15741
67273e89acc518f0a9cb5209c376641eb054477a3c73099943cd96e95f448c13,d1740a8080df4082f9a52e86b5825a0078e5819e31d068a5a0a7445e0b557133,395ebeeffc2b89f4b74ce8fc58a8693fd935994b1cebcccff5b489ceb15da356,207,135,0.0,8027.0,0,0,25,97,225,1096,2395
63f856567e34550991cb9d07371f247a281273fd157d2ddd8a9747324ce9d31d,f0366caaa4741d27f63481add889e216d9c3ef676ac78a1d5986abad1a106097,6e05b39b8e016ceece29700282222bc168621d15962902852864d2512222f8f1,573,100,62.0,3631.0,62,62,148,388,612,3005,3631
8930fabb127ef8b4ccf11b1a4c507c0d59e1b3bd8e957857c7acfa17ef0ae29a,95d92ab4c2b9f3a3e3d2af6caf50f387a7494225b66a305481bbae7783c5a237,25a50e023958bb43964a63e7751dc4fb71aaac583ca9d81cd3c4424677daa58f,4270,15,16.0,37643.0,23,23,186,723,4031,37643,37643
486e10ac87f2c7495ab672094483c49e935e6f7e19b2b9b7157be7f9f949244c,b32fd35ebfc893d282e742cba31ae5cf6414222d1fd88fc58f5e3760ca68e274,fe65c230ae26b0103d42981741be0ca212b250ab118a2711c667a1ff891faeb1,482,7,62.0,657.0,62,62,514,531,562,657,657
c5e06ac84416c56a0ee30a98514f66ff7acdb1601bae39685ab959ba5787d1c3,383b8d13c23f53e2bfa49f95902d5537a142dc0cbfc13e4754e731320dba32c9,bde6a52724b730fa9c0e7aaf3bbc22933541d1470dcd11128b40f1f49bd2263d,2526,5,1871.0,3417.0,1871,1871,2127,2201,3015,3417,3417
486e10ac87f2c7495ab672094483c49e935e6f7e19b2b9b7157be7f9f949244c,77519604621ffb62e20ca384c6d71467724901d535f56a50fbf2f7135f893802,7073b70c33dfc9e970a399680aee3a37f6c0a7c756ad49f0df3ba336bd93393f,683,7,234.0,1525.0,234,234,578,609,629,1525,1525
0681a462220030354aa3b854c1a9a9ce522bc16946045d61258d69c52ecac096,d5f63d73a685707f9db0d246d9278cb59b99756b11b5e0f06e2b5dd7e49ba187,4976ad838066ad69f2913923e45f1bd0a5699e9b1b4eb558836f8ecbdee6056e,44312,11,7577.0,79077.0,7577,7577,26110,32153,72666,79077,79077
629cb33bbb4f02add1f0962e555bd6423b2cac6d9bdd7b1dd9ce32125fdea97c,be242e48f6707e4653ee9ff04d7720a4d4903b14fcd7c289b45e1a92608bebb9,7c7f4f4a3ccd6ee5dfebf1c1b5cdd97915a6187948190a74bb86c0b72af02b8c,157,5,33.0,346.0,33,33,59,166,181,346,346
7843df5c6f1ae1711f6b2d36a5e485290df06b77904089975ac3af6822ffee72,b6663846d79851dabf28d52841926daa8cdd8f9f7ddef15992a65db8f8ffac2a,37852ddca9aa824d74780c770435d9149308f569ca5d01e85b46eef2d32495b3,14,26,1.0,127.0,1,1,1,5,20,127,127
9d16a2a1e63be83b6f9cc6fcb213fde254b73ecd8cab79f0e124b7c98c663955,72241a73c5138c4977b80e4eb6c0a80f958ad56be86811cb7f2821a71bba22ba,74bca6855fdfe7ba85317ab6d8669c359cc862727fcbaf88416afd87ab85d220,127,1,127.0,127.0,127,127,127,127,127,127,127
553aaf965592f4af6e31c2ceed2d7cd87b8a0e728b72f72edf75f74ecb752503,4bdaf7c96755d694091a5c5770b11b5a58c7044341a779e6c4afed605dbb63a3,2200c6de9258230486b892c59558ec8be0048c842a52d81022ba7a902aff1e30,1976,2,1004.0,2949.0,1004,1004,1004,1004,2949,2949,2949
0001edd756889b6f8ad48f9d7c03fe42d5bc3deabed9d77751d6fb55f6653ff7,4c5c62b1da65cdd9c5e987a8235ab3b3a74d7229603100326c1cb4096ff4a668,0691cf2b03ca11b9cf0685a65dca4dd82a46477076981289a25f463101607766,702,1,702.0,702.0,702,702,702,702,702,702,702
e328b4c3abc0644d21080faeb5b120481e64ae0f80f6e9fa42f1f196ffc1c37c,d579480379457cec5e4dedbddf3eb1cf98e6230edf0f489ee438f01bbfc04899,4ffa3128497836c22a8a6bf21a61c74c9dcfb103108883972612cb5f513953b3,284,439,13.0,2997.0,16,18,49,92,447,1266,2135
fd8a2430aa1d1b6fb9e059ff6268eabf8bbd77e68a6d5f38195a67820149b0ab,a6e8a4815dc8e1cc93766e7241880eb55b2791a85cd52f67ad830b18a7cb8a5e,a60833ac8af48ede629ca809f84438dcf8ba1ef206cc49e21f23a6442018145a,1681,5655,14.0,37866.0,15,93,778,993,1439,15802,35248
3a62305862a9f231027b456d2ea7900227c5f8ced24ffc2c3fc92b81543aa69c,194e3bf72857a2b190553b2e8848d352d2b861118544228409e3b734f95c334f,e37852a55deab5d50cb1f3b47f4446004cfe97b9d7a8e0f48f0c16412d23121f,1018,144,52.0,5024.0,52,52,73,741,1822,4989,5024
50b670a8cc291d9a1d02e94c4b7714e55091d36eea67f74db5b9c4e1d67cdbcc,0c806ba73c826034d2376e6fb730a1ee2be6e58039d6df8685005cf465850c15,5f4b2943436438e35942added19c1b3c79b436d3d2944365c48b0d9a1823e4f8,0,17277,0.0,31.0,0,0,0,0,0,3,11
07a0c7ea035ae84d27bfbb3b9c462152b932f5743eda198551fe63cacd3703a1,b9c6af7b56b229d8c166f4416d00e0af73bc41764ed636b3f801b201a760a308,a133f06690c396609b1178854836ae8f34caa6ceb589ccffd1e956088f7dcd19,21,1440,0.0,4670.0,0,0,0,0,0,78,4670
c5d14581e638ce427c16c1730d6c8fc1f8d369e59db099fb6b0f8a12a8147a3b,0dbd715c9ffffdcb563c252f89069d7009460ced7bf55628444e040b1e9c5b22,d773f19574ab683a9e6f6439ffd4752ad28e3bbf6bded248cbc7cc900d8d91c5,4767,1057,281.0,71561.0,1228,1798,3045,3756,5122,13485,71561
0b838512c0111cc3b046eb7b52a4a39fe282624c90c90c7f1ec496d47acbd203,b211df00dc450319b33e72261f3f8c5f432b5fc8ee68ee6291cdfcc8211c6365,f166b8a1edb7dcc32c209b2d15372bbff634dd741ab15ab97106acd8c72a12c2,383,69,93.0,1738.0,93,93,238,327,463,1738,1738
dd5124f14ac23dae0f5bb6df248a10e21d9f75f48324bfd8e0741e01ea46e665,f5d84bb8b479aa13b7cdb49a0bb70feaf68dd24707be0f1e47f840c92d0ec6c3,2de6d3e591b6af737178d1a63b3d96897b437bbafaf8dbc5bbfae18fd7ba10cf,931,495,78.0,9016.0,115,124,224,319,1355,4435,5018
edb684e28a7f5fc135aabf741b78b49610449933d9f0933b356a058ddd3bde45,8209bc3cf950371199ef35f8f91b85e2323ed5b3ee76d02387fe7d214ebd179a,9a30509ceb41cbd6a8bcba4db76b833ba0cc8ae392f125f74323e93a6230c37b,227,34,109.0,531.0,109,109,173,207,239,531,531
192eaa5911e846fb40a22c198b21c26337f07891fadb30c4bdb887f8228834df,0c16aeb910b0c58f5a1a37a8e0fde5d28d52d4e82161ec104592e5cfe47a0238,43519aa229c20e4c8983b9e25452eba7d98c9b554d65e591605fac376ad4ac7f,505,2,175.0,835.0,505,505,505,505,505,505,505
05930766e686441703a618be444f0d9e5a056f517918320a88aa32aa2b32b498,31adf7c3d21f0ebbc0ef36910b030c1498ab090afa8950e43a63cf8cd918a03d,73957da83ec8168420b6d16e30da9aa756c3f56e0fc156868d4a626765bad0c6,1261,1,1261.0,1261.0,1261,1261,1261,1261,1261,1261,1261
