HashOwner,HashApp,HashFunction,Trigger,540,541,542,543,544,545,546,547,548,549,550,551,552,553,554,555,556,557,558,559,560,561,562,563,564,565,566,567,568,569,570,571,572,573,574,575,576,577,578,579,580,581,582,583,584,585,586,587,588,589,590,591,592,593,594,595,596,597,598,599,600,601,602,603,604,605,606,607,608,609,610,611,612,613,614,615,616,617,618,619,620,621,622,623,624,625,626,627,628,629,630,631,632,633,634,635,636,637,638,639,640,641,642,643,644,645,646,647,648,649,650,651,652,653,654,655,656,657,658,659,660,661,662,663,664,665,666,667,668,669,670,671,672,673,674,675,676,677,678,679,680,681,682,683,684,685,686,687,688,689
4c1f2984bda6872027cdb182a8fbb059c25ec2ea2ae3a43ff2d57b719db0be2d,127ee2dfbd34efde36de38259b6e40e441dcb99bce64a477c090875a79ee63e6,b47507e195b3c8c280d0d04cc6e1965867e883289a75fc253234d41163b6d6f1,timer,0,1,0,0,0,0,0,0,0,0,0,1,0,0,0,0,0,0,0,0,0,1,1,0,0,0,0,0,0,0,0,1,0,0,0,0,0,0,0,1,1,0,0,0,0,1,0,0,0,0,0,1,0,0,0,0,0,0,0,0,0,1,0,0,0,0,0,0,0,0,0,1,0,0,0,0,0,0,0,0,0,1,0,0,0,0,0,0,0,0,0,1,0,0,0,0,0,0,0,0,0,1,0,0,0,0,0,0,0,0,0,1,0,0,0,0,0,0,0,0,0,1,0,0,0,0,0,0,0,0,0,1,0,0,0,0,0,0,0,0,0,1,0,0,0,0,0,0,0,0
279c99177b2239a9353b4fe8b31b7b2675fd065faf96a6ba829b8d7b09602060,c84702efcab294377d8337c8acebe4a05ae6a44c3126ed7abd6652b531f80502,a59244f22f2e395434d51e6dd2076cff11e1d181fb6de4b811c909d0cfe14901,timer,60,27,59,60,60,57,56,59,57,52,55,57,58,59,58,60,59,59,60,58,60,58,58,60,60,60,60,60,60,60,60,60,60,60,60,60,60,60,60,60,60,59,59,60,60,60,60,60,60,60,60,60,60,60,60,60,60,60,60,60,60,11,5,44,58,53,54,60,60,60,60,60,60,59,60,60,59,60,60,60,60,60,60,57,60,59,59,60,45,23,49,53,56,58,58,55,59,59,57,60,59,58,58,57,58,59,56,53,57,58,59,60,59,56,60,58,51,45,36,46,39,18,5,4,4,5,4,4,5,4,5,4,4,5,5,4,5,4,4,4,4,4,5,5,5,4,5,5,5,5
4eabe712f5f72734cbf87046fd23481de28afb719d71dbe920ef652db5fb5573,ca9c1e54e414962b76b36a91f1234d274ae796a93c791a5ed9c084e406f456eb,b994a25f7089c3526f3355e0ca8c83e5b98da9e2447e2a9465c57f745418b02e,timer,1,1,1,1,1,1,1,1,1,1,1,1,1,1,1,1,1,1,1,1,1,1,1,1,1,1,1,1,1,1,1,1,1,1,1,1,1,1,1,1,1,1,1,1,1,1,1,1,1,1,1,1,1,1,1,1,1,1,1,1,1,1,1,1,1,1,1,1,1,1,1,1,1,1,1,1,1,1,1,1,1,1,1,1,1,1,1,1,1,1,1,1,1,1,1,1,1,1,1,1,1,1,1,1,1,1,1,1,1,1,1,1,1,1,1,1,1,1,1,1,1,1,1,1,1,1,1,1,1,1,1,1,1,1,1,1,1,1,1,1,1,1,1,1,1,1,1,1,1,1
c25061a98a0cdeaa3641a41d0562fb7132b16aa357d5294d9a60db667fdab169,452b081762a85e5b64ed76ae449f8fcb4995a335d76d69c2ca376154fc167483,c9f6e8187913cd6e2d668a249f4167041b6376b05b04ecf226401ae993617e57,timer,4,4,4,4,4,4,4,4,4,4,4,4,4,4,4,4,4,4,4,4,4,4,4,4,4,4,4,4,4,4,4,4,4,4,4,4,4,4,4,4,4,4,4,4,4,4,4,4,4,4,4,4,4,4,4,4,4,4,4,4,4,4,4,4,4,4,4,4,4,4,4,4,4,4,4,4,4,4,4,4,4,4,4,4,4,4,4,4,4,4,4,4,4,4,4,4,4,4,4,4,4,4,4,4,4,4,4,4,4,4,4,4,4,4,4,4,4,4,4,4,4,4,4,4,4,4,4,4,4,4,4,4,4,4,4,4,4,4,4,4,4,4,4,4,4,4,4,4,4,4
fd8a2430aa1d1b6fb9e059ff6268eabf8bbd77e68a6d5f38195a67820149b0ab,28d94f560a5029aa179440817734ef2b7b8bc186ccb76e1da562119cb6752e04,c1dac89b80e43970b667f4b7640b1e374fd10c096357cddd938a2242bc264b17,queue,0,0,0,0,0,0,0,0,0,0,0,0,0,0,0,0,0,0,0,0,0,0,0,0,0,0,0,0,0,0,0,0,0,0,0,0,0,0,0,0,0,0,0,0,0,0,7,0,0,0,0,0,0,0,0,0,0,0,0,0,0,0,0,0,0,0,0,0,0,0,0,0,0,0,0,0,0,0,0,0,0,0,0,0,0,0,0,0,0,0,0,0,0,0,0,0,0,0,0,0,0,0,0,0,0,0,14,0,0,0,0,0,0,0,0,0,0,10,0,0,0,0,0,0,0,0,0,0,0,0,0,0,0,0,0,0,0,0,0,0,0,0,0,0,0,0,16,0,0,0
72bec1932840ceabd043aaa4f9f46984eb8fa3ffde7b9a601d7aa33b540e4abf,2861cc58e50a48ddeb56b4d77d88857c70c49feb3c96609420d57ca78046f8c2,8c38a85969cc3c8176fec5730c743463465c654447313ff2720f51977678a86f,queue,0,0,0,0,0,0,0,0,0,0,0,0,0,0,0,0,0,0,0,0,0,0,0,0,0,0,0,0,0,0,0,0,0,0,0,0,0,0,0,0,0,0,0,0,0,0,0,0,0,0,0,0,0,0,0,0,0,0,0,0,0,2,0,0,0,0,0,0,0,0,0,0,0,0,0,0,0,0,0,0,0,0,0,0,0,0,0,0,0,0,0,0,0,0,0,0,0,0,0,0,0,0,0,0,0,0,0,0,0,0,0,0,0,0,0,0,0,0,0,0,0,0,0,0,0,0,0,0,0,0,0,0,0,0,0,0,0,0,0,0,0,0,0,0,0,0,0,0,0,0
30a876e80855f9f46187a876eb5d2d39a93fb3d1b9f31eb7d3b2859ee5a90ab1,8f044447f82ae4606a5762193ff61b14dbf25e24a816197e01a73fd8eba1a93e,7ea6943a3283f724c12c50663db0f70b1f95d21e3966c2b10f1256c53053852a,queue,0,0,0,0,0,0,0,0,0,0,0,0,0,0,0,0,0,0,0,0,0,0,0,0,0,0,0,0,0,0,0,0,0,0,0,0,0,0,0,0,0,0,0,0,0,0,0,0,0,0,0,0,0,0,0,0,0,0,0,0,0,0,0,0,0,0,0,0,0,0,0,0,0,0,0,0,0,0,0,0,0,0,0,0,0,0,0,0,0,0,0,0,0,0,0,0,0,0,0,0,0,0,0,0,0,0,0,0,0,0,0,0,0,0,0,0,0,0,0,0,0,0,0,1,0,0,0,0,0,0,0,0,0,0,0,0,0,0,0,0,0,0,0,0,0,0,0,0,0,0
ae8e59bfb5206da29a5dc7a80d0d99d61bad4dfc4395a533f7c05fba31bb8126,047eaa26c0fa0b6c11168ceb976f1bff721802291a11b89f269bbc9e27e16253,e55a80cc3ba64a6db267312824ad72bb0126cd1f2c266885aa337d2abc422136,http,1,1,1,1,1,1,1,1,1,1,1,1,1,1,1,1,1,1,1,1,1,1,1,1,1,1,1,1,1,1,1,1,1,1,1,0,1,1,1,1,1,1,1,1,1,1,1,1,1,1,1,1,1,1,1,1,1,1,1,1,1,1,1,1,1,1,1,1,1,1,1,1,1,1,1,1,1,1,1,1,1,1,1,1,1,1,1,1,1,1,1,1,1,1,1,1,1,1,1,1,1,1,1,1,1,1,1,1,1,1,1,1,1,1,1,1,1,1,1,1,1,1,1,1,1,1,1,1,1,0,1,1,1,1,1,1,1,1,1,1,1,1,1,1,1,1,1,1,1,1
11731fc043474a11c63b94680298961d97a416015fe2c2a3557064047c2f018e,14b24c70d6fab4ffae252c46b83f6e86762d560c5fd1478a650b3c146bde5c46,6dd16542f117f9528b3e4125800a059a40afa8f461e6695b435a70da67b2558e,http,0,0,0,0,0,0,0,0,0,0,0,0,0,0,0,0,0,0,0,0,0,0,0,0,0,0,0,0,0,0,0,0,0,0,0,1,0,0,0,0,0,0,0,0,0,0,0,0,0,0,0,0,0,0,0,0,0,0,0,0,0,0,0,0,0,0,0,0,0,0,0,0,0,0,0,0,0,0,0,0,0,0,0,0,0,0,0,0,0,0,0,0,0,0,0,1,0,0,0,0,0,0,0,0,0,0,0,0,0,0,0,0,0,0,0,0,0,0,0,0,0,0,0,0,0,0,0,0,0,0,0,0,0,0,0,0,0,0,0,0,0,0,0,0,0,0,0,0,0,0
51363659d4b26ee2cefe9a0781d7c40f1d9b9a7333294f0c62d1721ed4a76f5c,de7ed8c4b0fdeedaea81526dc2f83f0e4a27d02731049ea591f98668a9a6e7c6,acbe37c9e0b93be00828da2e45c48cdd286dba8e4595e1a49c99f0aee8487383,queue,0,0,0,0,0,0,0,0,0,0,0,0,0,0,0,0,0,0,0,0,0,0,0,0,0,0,0,0,0,0,0,0,0,0,0,0,0,0,0,0,0,0,0,0,0,0,0,0,0,0,0,0,0,0,0,0,0,0,0,0,0,0,0,0,0,0,0,0,0,0,0,0,0,690,0,0,0,0,0,0,0,0,0,0,0,0,0,0,0,0,0,0,0,0,0,0,0,0,0,0,0,0,0,0,0,0,0,0,0,0,0,0,0,0,0,0,0,0,0,0,0,0,0,0,0,0,0,0,0,0,0,0,0,0,0,0,0,0,0,0,0,0,0,0,0,0,0,0,0,0
95dc325a4a22f2d6368e04c54265752aad1ef0207cd08ed2ffa698403f3c30b3,8ff155ca64675790a6a328868b7034999001eea2227ada86db8235c6f94f9eee,b933b6af1d1445e853d2c927e692edea2ffb45cb598be36af5db1574f6c0f5ef,timer,1,1,1,1,1,1,1,1,1,1,1,1,1,1,1,1,1,1,1,1,1,1,1,1,1,1,1,1,1,1,1,1,1,1,1,1,1,1,1,1,1,1,1,1,1,1,1,1,1,1,1,1,1,1,1,1,1,1,1,1,1,1,1,1,1,1,1,1,1,1,1,1,1,1,1,1,1,1,1,1,1,1,1,1,1,1,1,1,1,1,1,1,1,1,1,1,1,1,1,1,1,1,1,1,1,1,1,1,1,1,1,1,1,1,1,1,1,1,1,1,1,1,1,1,1,1,1,1,1,1,1,1,1,1,1,1,1,1,1,1,1,1,1,1,1,1,1,1,1,1
9ef81b766bcbe1718c1e44d2b6bab065977977d96141985b23038b6b8a8d26eb,908f1d693e7fb9f7a5b68120ab2d546e22bcdf5d302da1178153cd04033253c0,5c7f08cb6756ac041adc54f47b8c18554c2220747a9a991ed3425a0bead23298,queue,0,0,0,0,1,1,0,0,0,0,1,0,2,0,0,0,0,0,1,1,0,1,0,0,0,0,0,0,0,0,0,0,0,0,0,0,0,0,0,0,0,1,0,0,0,0,0,0,0,0,0,0,0,0,0,0,0,0,0,0,0,0,0,0,1,0,0,0,0,1,0,0,0,0,0,2,0,0,0,0,0,0,0,0,0,0,0,0,0,0,0,0,0,1,0,0,0,0,0,0,0,0,0,0,0,1,0,0,1,2,0,0,0,1,0,0,0,0,0,0,0,0,0,1,0,0,0,0,0,0,0,0,1,0,0,0,0,0,0,0,0,0,0,0,0,0,0,0,0,0
0db1e245ae209c3072957d5e194c466f580805a2aa4c872720d8e0679edffec4,7d7ad9ef9f3188f940eb1d1f579097b2bf00d5558741433b3639bb5d80f7a1c2,5c66a11d8ac6e2b731ef204e199ce6f3a360e352c79a4686de3db97bb2166670,event,1,1,24,6,3,4,5,22,11,9,4,8,7,10,20,28,31,24,21,24,15,24,8,15,21,21,1,1,2,3,7,23,19,30,14,26,15,14,27,7,9,24,9,2,22,5,6,12,9,8,10,12,8,14,8,5,22,10,14,14,9,11,13,21,20,3,1,1,2,7,13,9,25,18,20,21,14,17,8,14,18,17,20,26,20,33,14,8,11,4,11,7,8,19,16,12,16,10,17,15,20,18,26,3,8,16,8,3,13,8,9,12,6,30,17,6,6,25,14,24,20,35,14,7,5,6,8,5,10,5,5,9,10,12,18,12,10,15,29,18,11,8,18,12,7,22,24,19,29,49
ce211fb8b67b0e292746c8f088755f5be1a492d6150773cd941b2470b7e2a19f,d1e970b4a8a61620e4db0f7e736c326b58fdd09e78ebede0672260406046a395,8f7396579ceba8d289a2fcf72eb8cb1d79ab6707495326f91d2925036e885087,timer,0,1,0,0,0,1,0,0,0,0,0,1,0,0,0,1,0,0,0,0,0,1,0,0,0,0,1,0,0,0,0,1,0,0,0,0,1,1,0,0,0,1,0,0,0,0,1,0,0,0,0,1,0,0,0,0,1,0,0,0,0,1,0,0,0,0,1,0,0,0,0,1,0,0,0,0,1,0,0,0,0,1,0,0,0,0,1,0,0,0,0,1,0,0,0,0,1,0,0,0,0,2,0,0,0,0,1,0,0,0,0,1,0,0,0,0,1,0,0,0,0,1,0,0,0,1,0,0,0,0,0,1,0,0,0,1,0,0,0,0,1,0,0,0,0,1,0,0,0,0
25f90d0cec69387fde8cb8163dafc78908da4cbe75c09140d66fb87c602a3b39,fad2914f29ba250fdd7123867d4dc529f97f81ee619f0c4dcdbe424ddf40e1d6,237107fbe8eef9c12b91435fd63e68048cedd8b5f3c2c665960b45b9bf360e3e,timer,0,1,0,0,0,0,0,0,0,0,0,1,0,0,0,0,0,0,0,0,0,1,0,0,0,0,0,0,0,0,0,1,0,0,0,0,0,0,0,0,0,1,0,0,0,0,0,0,0,0,0,1,0,0,0,0,0,0,0,0,0,1,0,0,0,0,0,0,0,0,1,0,0,0,0,0,0,0,0,0,0,1,0,0,0,0,0,0,0,0,0,1,0,0,0,0,0,0,0,0,1,0,0,0,0,0,0,0,0,0,0,1,0,0,0,0,0,0,0,0,0,1,0,0,0,0,0,0,0,0,1,0,0,0,0,0,0,0,0,0,0,1,0,0,0,0,0,0,0,0
a45faf562f56e38ba5b1dc1f938c9944725ce7da0e6c2487da7a17f80bd3173c,fff4c266c6912dd6dfe2cb32fc6bc42e47a65438e9e9d845514b1e5486509843,74c96889b3a39e24bd0e4b041d7127ad4a90f98e7abf4a2953097ece0e0a1c34,timer,0,1,0,0,0,0,1,0,0,0,0,1,0,0,0,1,0,0,0,0,0,1,0,0,0,0,1,0,0,0,0,1,0,0,0,0,1,0,0,0,1,0,0,0,0,0,1,0,0,0,1,0,0,0,0,0,1,0,0,0,0,1,0,0,0,0,1,0,0,0,0,1,0,0,0,0,1,0,0,0,1,0,0,0,0,1,0,0,0,0,0,1,0,0,0,1,0,0,0,0,1,0,0,0,0,0,1,0,0,0,0,1,0,0,0,0,1,0,0,0,0,1,0,0,0,1,0,0,0,0,0,1,0,0,0,0,1,0,0,0,0,1,0,0,0,1,0,0,0,0
72bdd4beee21ea6e72824d7b5b5536c3a6c728d20ecca919dd0b1e9664c7218b,8cc5300fd53a5277e1d81b7bb69e2e78c9bbd8d17f16fba8298b68127e7d3479,11cacfb706bb031a172aa9e1dd3eb8e0b0b5b4d5218c0f843161b1bf9f735898,timer,0,1,0,0,0,0,1,0,0,0,0,1,0,0,0,0,1,0,0,0,0,1,0,0,0,0,1,0,0,0,0,1,0,0,0,0,1,0,0,0,0,1,0,0,0,0,1,0,0,0,0,1,0,0,0,0,1,0,0,0,0,1,0,0,0,0,1,0,0,0,0,1,0,0,0,0,1,0,0,0,0,1,0,0,0,0,1,0,0,0,0,1,0,0,0,0,1,0,0,0,0,1,0,0,0,0,1,0,0,0,0,1,0,0,0,0,1,0,0,0,0,1,0,0,0,0,1,0,0,0,0,1,0,0,0,0,1,0,0,0,0,1,0,0,0,0,1,0,0,0
e931e27b09cec31477ca3116a6e557d8c8209c6220b5ce7c01255c586804cd48,5b40d67921a383a82f5a5534c954fd0e8ea0a98c77a5b817e325a04de3ae2e68,cd3c172a7ad9f3c00c7bd55a78b71de9a24f7ec5675c12a000296d6c1974d616,timer,0,1,0,0,0,0,0,0,0,0,0,0,0,0,0,0,0,0,0,0,0,0,0,0,0,0,0,0,0,1,0,1,0,0,0,0,0,0,0,0,0,0,0,0,0,0,0,0,0,0,0,0,0,0,0,0,0,0,0,1,0,1,0,0,0,0,0,0,0,0,0,0,0,0,0,0,0,0,0,0,0,0,0,0,0,0,0,0,0,1,0,1,0,0,0,0,0,0,0,0,0,0,0,0,0,0,0,0,0,0,0,0,0,0,0,0,0,0,0,1,0,1,0,0,0,0,0,0,0,0,0,0,0,0,0,0,0,0,0,0,0,0,0,0,0,0,0,0,0,1
28ad228ec27be626daaa3f42b60c719816cbe640ef32d89c5a61e3d72c7990b0,a25573733fb3595ebbd53726c808b26974229051ea7ee4dcb29e560a87ac191b,6d9be17d1518f617f732252e3146804fcff1df73486307942a713aa8eb249ef2,queue,142,123,123,133,119,154,130,141,153,122,137,117,145,120,116,105,126,105,117,71,113,178,132,124,118,131,115,116,139,159,125,126,152,144,119,154,118,140,149,119,121,121,147,149,146,134,117,111,104,139,131,139,134,148,129,140,105,128,124,90,141,137,142,116,122,128,104,161,133,127,120,120,115,102,121,143,126,146,142,161,113,176,142,158,169,137,145,159,151,142,135,136,154,180,131,111,138,126,116,149,128,128,136,144,139,168,136,125,190,146,169,138,142,141,153,141,124,140,146,138,146,144,123,141,102,161,143,148,181,182,144,161,156,93,197,133,124,161,146,143,151,155,130,154,137,116,164,147,155,165
bc6a1a7586c7487278c4c44f0d31c4657414da91820f61971d551894d8e668ab,a1d72429fb6a909702b17fe0b1f912a0a3439590f4154c3057ab1c42616544f1,97dd7d494127af2d3eb3c13bf1efa2ea4189973dec68a27ba286748b2e2de4fd,timer,0,1,0,0,0,0,0,0,0,0,0,0,0,0,0,0,0,0,0,0,0,0,0,0,0,0,0,0,0,0,0,0,0,0,0,0,0,0,0,0,0,0,0,0,0,0,0,0,0,0,0,0,0,0,0,0,0,0,0,0,0,1,0,0,0,0,0,0,0,0,0,0,0,0,0,0,0,0,0,0,0,0,0,0,0,0,0,0,0,0,0,0,0,0,0,0,0,0,0,0,0,0,0,0,0,0,0,0,0,0,0,0,0,0,0,0,0,0,0,0,0,1,0,0,0,0,0,0,0,0,0,0,0,0,0,0,0,0,0,0,0,0,0,0,0,0,0,0,0,0
c5e06ac84416c56a0ee30a98514f66ff7acdb1601bae39685ab959ba5787d1c3,383b8d13c23f53e2bfa49f95902d5537a142dc0cbfc13e4754e731320dba32c9,bde6a52724b730fa9c0e7aaf3bbc22933541d1470dcd11128b40f1f49bd2263d,http,0,0,0,0,0,0,0,0,0,0,0,0,0,0,0,0,0,0,0,0,0,0,0,0,0,0,0,0,0,0,0,0,0,0,0,0,0,0,0,0,0,0,0,0,0,0,0,0,0,0,0,0,0,0,0,0,0,0,0,0,0,0,0,0,0,0,0,0,0,0,0,0,0,0,0,0,1,0,0,0,0,0,0,0,0,0,0,0,0,0,0,0,0,0,0,0,0,0,0,0,0,0,0,0,0,0,0,0,0,0,0,0,0,0,0,0,0,0,0,0,0,0,0,0,0,0,0,0,0,0,0,0,0,0,0,0,0,0,0,0,0,0,0,0,0,0,0,0,0,0
dd8f6d548246e9a0cc97a8ded96b56edca5a6be65906ef57efb834ec21fbdc87,bbb6e44d7605cc575b5ccdeb73da76d2ad173c27d39171a96ace8d68517f515f,56269cca8f91ba39bab62d264e7e744db6327a66296859fe14a40fb9272bf1ab,timer,0,1,0,0,0,0,0,0,0,0,0,0,0,0,0,0,0,0,0,0,0,0,0,0,0,0,0,0,0,0,0,0,0,0,0,0,0,0,0,0,0,0,0,0,0,0,0,0,0,0,0,0,0,0,0,0,0,0,0,0,0,1,0,0,0,0,0,0,0,0,0,0,0,0,0,0,0,0,0,0,0,0,0,0,0,0,0,0,0,0,0,0,0,0,0,0,0,0,0,0,0,0,0,0,0,0,0,0,0,0,0,0,0,0,0,0,0,0,0,0,0,1,0,0,0,0,0,0,0,0,0,0,0,0,0,0,0,0,0,0,0,0,0,0,0,0,0,0,0,0
355b20b5792a604249d2a13747c82c7ee89b22058be2188d1d6c93d8c902bf91,475d610cee97ea9b4050b40622d1306b92323b69a33096b0d4b84e60c2da9cfe,c5ef475bd46affeb45c4f9656d8fce6e5485fb8bbfb52ccbca9955211978e648,http,0,0,2,1,1,1,0,0,0,0,0,0,0,0,0,0,0,0,0,0,0,0,0,0,0,0,0,0,0,0,0,0,0,0,0,0,0,0,0,0,0,0,0,0,0,0,0,0,0,0,0,0,0,0,0,0,0,0,0,0,0,0,0,0,0,0,0,0,0,0,0,0,0,0,0,0,0,0,0,0,0,0,0,0,0,0,0,0,0,0,0,0,0,0,0,0,0,0,0,1,0,0,0,0,0,0,0,0,0,0,0,0,0,0,0,0,0,0,0,0,0,0,0,0,0,0,0,0,0,0,0,0,0,0,0,0,0,0,0,0,0,0,0,0,0,0,0,0,0,0
d4d6064a8fac16bd11dccf167167690da0c729cb837f03590637d95c86046296,64547170f1b0520a117ae9562deaab72ddf01b7655d138294cdda43c1da9b769,661537c730b6f22636cf91df1991a58482c9792d63d6555825ac2f4477e4f7f2,timer,1,1,1,1,1,1,1,1,1,1,1,1,1,1,1,1,1,1,1,1,1,1,1,1,1,1,1,1,1,1,1,1,1,1,1,1,1,1,1,1,1,1,1,1,1,1,1,1,1,1,1,1,1,1,1,1,1,1,1,1,1,1,1,1,1,1,1,1,1,1,1,1,1,1,1,1,1,1,1,1,1,1,1,1,1,1,1,1,1,1,1,1,1,1,1,1,1,1,1,1,1,1,1,1,1,1,1,1,1,1,1,1,1,1,1,1,1,1,1,1,1,1,1,1,1,1,1,1,1,1,1,1,1,1,1,1,1,1,1,1,1,1,1,1,1,1,1,1,1,1
02efd0a1e4add95efc825c128f60380d488aebaa5655ee2ff5ca81dfbc5f4362,a9ac29f04a93596106f581a6c6eaeedc2e0dc8514c10c7a94085db9e63a8eb98,7472df890869186c3a8d1359f2645c8a7567db39a68bc6094bf40e7384207e3f,http,1,11,1,6,7,5,7,4,2,3,1,1,2,2,1,5,1,2,3,5,2,6,2,1,3,5,5,4,2,0,0,3,2,6,5,2,3,2,2,2,3,2,1,1,5,3,2,3,5,0,6,4,2,2,5,6,2,10,6,2,5,3,9,4,5,3,10,5,3,2,5,8,6,8,6,2,3,3,4,6,3,6,4,1,4,3,2,4,4,4,2,9,5,3,3,1,4,4,2,3,1,1,2,3,4,1,11,6,5,1,6,5,4,5,3,7,6,6,7,8,8,6,5,9,19,9,15,6,14,4,12,13,7,8,6,8,9,14,4,5,6,11,7,4,6,2,5,8,4,7
ea942f438bcc45a8e026c84d50ec7115c1491a5c0219b201b3345304dc0a8976,a84bf1f761a125f96352e38629a75144992d0ebdace85f9eb8c17c6c2c1f4881,64ed5f699bdba800098055d974043d9aa0ad9783013ff4ad4a305b5d8f0a9b55,timer,1,0,0,0,0,1,0,0,0,0,0,1,0,0,0,0,1,0,0,0,0,1,0,0,0,0,1,0,0,0,0,1,0,0,0,0,1,0,0,0,0,1,0,0,0,0,1,0,0,0,0,1,0,0,0,0,1,0,0,0,0,1,0,0,0,0,1,0,0,0,0,1,0,0,0,0,1,0,0,0,0,1,0,0,0,0,1,0,0,0,0,1,0,0,0,0,1,0,0,0,0,1,0,0,0,1,0,0,0,0,1,0,0,0,0,0,1,0,0,0,0,1,0,0,0,0,1,0,0,0,0,1,0,0,0,0,1,0,0,0,0,1,0,0,0,1,0,0,0,0
c315c5c56795b745589b4e07f250e04fd4c12623e5c6f612b2b276174813bbfe,8e062a005b971f6afa334e8817d583b9ddff11028eaa05ec4e38c6783813794d,255cb5efbe7324f962aa4b03a65882f521a8efad515c486e7131dab83e7867ee,http,1,1,1,0,0,1,1,0,0,0,0,1,0,0,0,0,1,0,0,0,1,1,0,0,0,0,1,0,0,0,0,1,0,0,0,1,1,0,0,0,0,1,0,0,0,0,1,0,0,0,1,1,0,0,0,0,1,1,0,0,1,1,1,0,0,1,1,0,0,0,0,1,0,0,0,0,1,0,0,0,1,1,0,0,0,0,1,0,0,0,0,1,0,0,0,1,1,0,0,0,0,1,0,0,0,0,1,0,0,0,1,1,0,0,0,0,1,1,0,0,1,1,1,0,0,1,1,0,0,0,0,1,0,0,0,0,1,0,0,0,1,1,0,0,0,0,1,0,0,0
fd7fc2b625581e420bbc6357a27f7dd2bb5eb97531dee13a923cd498b7b537fc,4c3dd558ebc880648bf92e7586c2129f19ed5e749defee2ea94c023c716bb15d,53183b674b2299cfc9eb1cb75dc9291971ff3bb708069479a764af065e70f469,timer,0,1,0,0,0,0,0,0,0,0,0,0,0,0,0,0,0,0,0,0,0,0,0,0,0,0,0,0,0,0,0,0,0,0,0,0,0,0,0,0,0,0,0,0,0,0,0,0,0,0,0,0,0,0,0,0,0,0,0,0,0,1,0,0,0,0,0,0,0,0,0,0,0,0,0,0,0,0,0,0,0,0,0,0,0,0,0,0,0,0,0,0,0,0,0,0,0,0,0,0,0,0,0,0,0,0,0,0,0,0,0,0,0,0,0,0,0,0,0,0,0,1,0,0,0,0,0,0,0,0,0,0,0,0,0,0,0,0,0,0,0,0,0,0,0,0,0,0,0,0
97078d644a054e47f093b8488b3698c4c79b64c48c336b76bb1099c941b32443,c51b4c99f14d7d54d6576aa4263568a3e7750729537d2963c825d13f23647b0f,f3af0e1c018cf2aaa310c74ecdf2f99eb1328b17438d21ae0597fda04bebd90a,http,0,0,0,0,0,0,0,0,1,0,1,1,1,0,1,0,0,1,1,1,0,1,1,0,0,0,0,0,0,0,0,0,0,0,0,0,0,0,0,0,0,0,0,0,0,0,0,0,0,0,0,0,0,0,0,0,0,0,0,0,0,0,0,0,0,0,0,0,0,0,0,0,0,0,0,0,0,0,0,0,0,0,0,0,0,0,0,0,0,0,0,0,0,0,0,0,1,0,0,0,0,2,0,0,0,1,0,0,0,0,0,0,0,0,0,2,0,1,0,1,0,1,0,0,1,1,1,0,0,1,0,0,0,1,0,1,0,1,0,0,1,0,0,0,0,0,0,0,0,0
eb94c90ce9105dde9cc95446fc4ffe57d10b17b33d60a67663a4e8cf4d117459,0d5bd66a19a75364a20ad582f1cc055450c7e034b26ed81848654f879c84e565,d8477cb60db1e13b11a2c1468f772ffb534b0ed20e79895b055d9dfe77fe03da,http,3,3,3,3,3,3,3,3,3,3,3,3,3,3,3,3,3,3,3,3,3,3,3,3,3,3,3,3,3,3,3,3,3,3,3,3,3,3,3,3,3,3,3,3,3,3,3,3,3,3,3,3,3,3,3,3,3,3,3,3,3,3,3,3,3,3,3,3,3,3,3,3,3,3,3,3,3,3,3,3,3,3,3,3,3,3,3,3,3,3,3,3,3,3,3,3,3,3,3,3,3,3,3,3,3,3,3,3,3,3,3,3,3,3,3,3,3,3,3,3,3,3,3,0,6,3,3,3,3,3,3,3,3,3,3,3,3,3,3,3,3,3,3,3,3,3,3,3,3,3
8bf98b528af956d66b4aa83a9ae866f18b454ec7eca6f22244e9def6146a40f6,df0a85ee173160f998418d3fb3b3c13585fbec060621f80fa3a417f7e85cbb63,913cde166a84cb3e1a952dfd69efe931c395ac04b81bd0124de724b5f60510e6,timer,0,0,0,0,0,0,0,0,0,0,0,0,0,0,0,0,0,0,0,0,0,0,0,0,0,0,0,0,0,0,0,0,0,0,0,0,0,0,0,0,0,0,0,0,0,0,0,0,0,0,0,0,0,0,0,0,0,0,0,0,0,1,0,0,0,0,0,0,0,0,0,0,0,0,0,0,0,0,0,0,0,0,0,0,0,0,0,0,0,0,0,0,0,0,0,0,0,0,0,0,0,0,0,0,0,0,0,0,0,0,0,0,0,0,0,0,0,0,0,0,0,0,0,0,0,0,0,0,0,0,0,0,0,0,0,0,0,0,0,0,0,0,0,0,0,0,0,0,0,0
486e10ac87f2c7495ab672094483c49e935e6f7e19b2b9b7157be7f9f949244c,0f2826a3b062d9301a32b6a6f9a949e72002931d969a14cf607fa6654cff7e44,7866dd64c4a1004c311c160a5163eb48167fef283bb94a00112ee964e2bb198e,queue,0,0,0,0,0,0,0,0,0,0,0,0,0,0,0,0,0,0,2,2,2,2,2,1,4,2,0,3,1,2,4,4,2,2,2,0,0,0,0,0,0,0,0,0,0,0,0,0,0,0,0,0,0,0,0,0,0,0,0,0,0,0,0,0,0,0,0,0,0,0,0,0,0,0,0,0,0,0,0,0,0,3,3,2,2,2,2,5,2,2,4,4,5,2,5,4,2,0,2,2,0,3,0,0,1,1,0,1,0,0,0,0,0,0,0,0,0,0,0,0,0,0,0,0,0,0,0,0,0,0,0,0,0,0,0,0,0,0,0,0,2,0,0,0,0,0,0,0,0,0
c21e5054a535517fafc56f185449e08d332c2e9287d6f33cfce5d72b42033c3e,e9074dab7d9e7ecc1cbd0245012f7a80a905d72f6e24d09b3b3d0c1d8137b3cb,35196c9a3cee4e22d988206fbd9c69327d752d7e77c145cea2a4c5babd743855,queue,0,10,0,0,0,0,0,0,0,0,0,0,0,0,0,0,10,0,0,0,0,0,0,0,0,0,0,0,0,0,0,10,4,0,0,0,0,0,0,0,0,0,0,0,0,0,10,3,0,1,0,0,0,0,0,0,0,0,0,0,0,10,2,0,0,0,0,0,0,0,0,0,0,0,0,0,10,0,0,0,0,0,0,0,0,0,0,0,0,0,0,10,1,0,0,1,0,0,0,0,0,0,0,0,0,0,10,3,0,0,0,0,0,0,0,0,0,0,0,0,0,10,0,0,0,0,0,0,0,0,0,0,0,0,0,0,10,0,0,0,0,0,0,0,0,0,0,0,0,0
75332cfa303ef7f7367c7f8f9aa7c9f5bc446fc04993a26b1e67311378690cc2,5a65d31612d1081353bfce359690d9e58e5c78032f4d1d2895092fba6ee9983a,9a060be202faaff1529a7c47e4ceb52309e58c2973bf2d813338113be88dce58,timer,0,1,0,0,0,0,0,0,0,0,0,0,0,0,0,0,0,0,0,0,0,0,0,0,0,0,0,0,0,0,0,0,0,0,0,0,0,0,0,0,0,0,0,0,0,0,0,0,0,0,0,0,0,0,0,0,0,0,0,0,0,1,0,0,0,0,0,0,0,0,0,0,0,0,0,0,0,0,0,0,0,0,0,0,0,0,0,0,0,0,0,0,0,0,0,0,0,0,0,0,0,0,0,0,0,0,0,0,0,0,0,0,0,0,0,0,0,0,0,0,0,1,0,0,0,0,0,0,0,0,0,0,0,0,0,0,0,0,0,0,0,0,0,0,0,0,0,0,0,0
85d593148f30200455e483fc5f4957e2b778bb5227a9daba3b7a44e591051967,f120311511a4af60d3844ff0307bda8960e495fc5951e5ef9e8d1280f45196c3,23e6eb269f4b8f405d773bd5e2ea24df2a6685287cd123c1a23717f85c9fd58e,http,0,0,0,0,0,0,0,0,0,0,0,0,0,0,0,0,0,0,0,0,0,0,0,0,0,0,0,0,0,0,0,0,0,0,0,0,0,1,0,0,0,0,0,0,0,0,0,0,0,0,0,0,0,0,0,0,0,0,0,0,0,0,0,0,0,0,0,0,0,0,0,0,0,0,0,0,0,0,0,0,0,0,0,0,0,0,0,0,0,0,0,0,0,0,0,0,0,0,0,0,0,0,0,0,0,0,0,0,0,0,0,0,0,0,0,0,0,0,0,0,0,0,0,0,0,0,0,0,0,0,0,0,0,0,0,0,0,0,0,0,0,0,0,0,0,0,0,0,0,0
6b0e8f7e365dbf31fd3876c4a6af805a299c4a391d49b3937314453d4fd10874,896e4afbea0a739c64ff343850e76ebde14bb693cb847992ce40bba868c2c145,2db2c2e0bdd12a51938841860683879f10fee466a186a4c2af249906bc66f9d7,timer,0,1,0,0,0,0,0,0,0,0,0,0,0,0,0,0,1,0,0,0,0,0,0,0,0,0,0,0,0,0,0,1,0,0,0,0,0,0,0,0,0,0,0,0,0,0,1,0,0,0,0,0,0,0,0,0,0,0,0,0,0,1,0,0,0,0,0,0,0,0,0,0,0,0,0,0,1,0,0,0,0,0,0,0,0,0,0,0,0,0,0,1,0,0,0,0,0,0,0,0,0,0,0,0,0,0,1,0,0,0,0,0,0,0,0,0,0,0,0,0,0,1,0,0,0,0,0,0,0,0,0,0,0,0,0,0,1,0,0,0,0,0,0,0,0,0,0,0,0,0
8fd53fe1aa335f31c8f41f014794badfdbd31def02b17adb839a589de00afb46,1d80052b2ea2d6a485ec6c6b3316ae263424c53c347b110ea90fea0517ec1587,c588dde496dfe46085c6433a07f6bb477e08fb9149901246b81392f6a0defa7e,queue,18,10,15,15,18,28,25,26,25,31,26,31,36,33,39,34,53,47,66,56,9,38,15,28,40,29,32,26,26,33,31,29,30,21,0,2,0,0,0,1,2,1,1,2,0,5,0,1,1,4,1,2,3,0,2,0,0,0,0,0,0,1,1,1,2,0,2,2,0,0,0,0,0,0,0,0,0,0,0,0,1,2,0,2,2,0,5,2,0,0,0,0,0,0,20,29,25,25,43,41,36,26,26,30,44,41,39,26,31,29,29,31,26,25,22,32,10,0,0,0,0,5,11,13,17,10,15,15,15,17,15,20,17,19,19,17,20,17,18,14,19,19,17,22,17,19,19,22,19,21
940fb522ccff70261e5d0604347fbbd8ef84bdfd6a06643333b67de0a076e43e,22f463b12def99ba6114261f1a8c1f690382c0ddd9d8bf2655bdab1a1b7f5fc8,13f0cb511f20881e206b21f1d4d6dd05f3b3653eb24c581b897419b8e170652d,http,0,0,0,0,2,5,1,0,0,0,0,0,0,0,1,1,5,2,0,3,0,0,0,0,0,0,0,0,0,0,0,1,2,1,0,0,0,1,0,0,2,0,0,1,0,0,0,2,0,0,0,1,0,0,0,0,0,0,0,0,0,0,0,0,0,0,0,0,2,0,0,0,1,0,0,0,2,4,0,0,5,4,4,0,8,14,1,0,0,0,0,0,5,0,2,11,0,0,0,0,0,0,14,4,1,0,0,0,0,0,1,4,0,0,0,0,0,0,0,0,0,2,2,1,1,0,0,0,1,2,1,0,0,0,0,0,1,0,1,2,0,1,0,2,0,0,0,3,0,0
bb7899a68afbf3cb96081c06ab468e7bdf904c9757faa153e5dc3379aac4f409,0e1b75a2ff96fa1584080eabb88f82fd34edf1dfbf3fdff0d50a643544dda323,4417dd51558149917253a56600a2ba1000d0d9dd2eb831d9f6eb63ae08b2d4fe,http,0,0,0,0,0,0,0,0,0,0,0,0,0,0,0,0,0,0,0,0,0,0,0,0,0,0,0,0,0,0,0,0,0,0,0,0,0,0,0,0,0,0,0,0,0,0,0,0,0,0,0,0,0,0,0,0,0,0,0,0,0,0,0,0,0,0,0,0,0,0,0,0,0,0,0,0,0,1,2,0,0,0,0,0,0,0,0,0,0,0,0,0,0,0,0,0,0,0,0,0,0,0,0,0,0,0,0,0,0,0,0,0,0,0,0,0,0,0,0,0,0,0,0,0,0,0,0,0,0,0,0,0,0,0,0,0,0,0,0,0,0,1,1,0,0,0,0,0,0,0
af925451afe259cecf434bb3df2a992d25527d762d8575375490c6953a707916,3613c547e774c150ffbdb038e70848243173dcb85452f8f5cd4de0f532e19997,7a07b76f4fc02186fe4fa033b413f1281f52342329c622cc1c2785cd5d0bc292,http,0,0,0,0,0,0,0,1,0,0,0,0,0,0,0,0,0,1,0,0,0,0,0,0,0,0,0,1,0,0,0,0,0,0,0,0,0,1,0,0,0,0,0,0,0,0,0,1,0,0,0,0,0,0,0,0,0,1,0,0,0,0,0,0,0,0,0,1,0,0,0,0,0,0,0,0,0,1,0,0,0,0,0,0,0,0,0,1,0,0,0,0,0,0,0,0,0,1,0,0,0,0,0,0,0,0,0,1,0,0,0,0,0,0,0,0,0,1,0,0,0,0,0,0,0,0,0,1,0,0,0,0,0,0,0,0,0,1,0,0,0,0,0,0,0,0,0,1,0,0
fd8a2430aa1d1b6fb9e059ff6268eabf8bbd77e68a6d5f38195a67820149b0ab,3b66e56735d6558be3c233a1273ecedb2eca35ba931da28aa084a8cee2401737,48b4e6ba88abd0cc70388497c279fc13d1088fb371d7907b9b33a64192fc36dd,queue,0,0,0,0,0,0,0,0,0,0,0,0,0,0,0,0,1,0,0,0,0,0,1,0,0,0,0,0,0,0,4,0,0,0,0,0,0,0,0,0,0,0,0,0,0,0,0,0,0,0,0,0,0,0,0,0,0,0,0,0,2,0,0,0,0,0,0,0,0,0,0,0,0,0,0,1,0,0,0,1,1,0,0,0,0,0,0,0,0,0,56,27,2,0,0,0,0,0,0,0,0,0,0,0,0,0,0,0,0,0,0,0,0,0,0,0,0,0,0,0,0,0,1,0,1,0,0,0,0,0,0,0,0,0,0,0,0,0,0,0,1,0,0,0,0,0,0,0,0,1
94690b37866b8bfd639bf02defe53936dfb2eb171fc5ed5fbf0d259b1dc7e386,0b17b66028bf7608053a063caeb01290da8b1ae8238da08eaead0007ecd58d96,890026344b446997bfbb7875bbd391c3e87a820b29602e7dadbd05dc6a73fc57,timer,0,1,0,0,0,0,0,0,0,0,0,0,0,0,0,0,0,0,0,0,0,0,0,0,0,0,0,0,0,0,0,0,0,0,0,0,0,0,0,0,0,0,0,0,0,0,0,0,0,0,0,0,0,0,0,0,0,0,0,0,0,0,0,0,0,0,0,0,0,0,0,0,0,0,0,0,0,0,0,0,0,0,0,0,0,0,0,0,0,0,0,0,0,0,0,0,0,0,0,0,0,0,0,0,0,0,0,0,0,0,0,0,0,0,0,0,0,0,0,0,0,0,0,0,0,0,0,0,0,0,0,0,0,0,0,0,0,0,0,0,0,0,0,0,0,0,0,0,0,0
426bb2ee80d370940aee9f2545ecc83dfd4cb86d3f2794245e29d182f55b6624,6c6d38b47e6363b7d2727aaee904920930f6cc5c9d6e69ef507bd1887ca22f29,80b613da9d45d3cc6dec16f716b1ff382512bb91354564245b5f22bc3e45c03c,timer,0,0,0,0,0,0,0,0,0,0,0,0,0,0,0,0,0,0,0,0,0,0,0,0,0,0,0,0,0,0,0,1,0,0,0,0,0,0,0,0,0,0,0,0,0,0,0,0,0,0,0,0,0,0,0,0,0,0,0,0,0,0,0,0,0,0,0,0,0,0,0,0,0,0,0,0,0,0,0,0,0,0,0,0,0,0,0,0,0,0,0,1,0,0,0,0,0,0,0,0,0,0,0,0,0,0,0,0,0,0,0,0,0,0,0,0,0,0,0,0,0,0,0,0,0,0,0,0,0,0,0,0,0,0,0,0,0,0,0,0,0,0,0,0,0,0,0,0,0,0
05930766e686441703a618be444f0d9e5a056f517918320a88aa32aa2b32b498,31adf7c3d21f0ebbc0ef36910b030c1498ab090afa8950e43a63cf8cd918a03d,73957da83ec8168420b6d16e30da9aa756c3f56e0fc156868d4a626765bad0c6,timer,0,0,0,0,0,0,0,0,0,0,0,0,0,0,0,0,0,0,0,0,0,0,0,0,0,0,0,0,0,0,0,0,0,0,0,0,0,0,0,0,0,0,0,0,0,0,0,0,0,0,0,0,0,0,0,0,0,0,0,0,0,1,0,0,0,0,0,0,0,0,0,0,0,0,0,0,0,0,0,0,0,0,0,0,0,0,0,0,0,0,0,0,0,0,0,0,0,0,0,0,0,0,0,0,0,0,0,0,0,0,0,0,0,0,0,0,0,0,0,0,0,0,0,0,0,0,0,0,0,0,0,0,0,0,0,0,0,0,0,0,0,0,0,0,0,0,0,0,0,0
f508882d3b92dbe644ec08ec0d9ba0e48f6624cc576059e298c7739b26259983,ef87b5b74ced4ca6f57b53a414bb60e9b7246f9d83f1c19754286e9cf6101cf8,3a3e94d17f9d5e69dedb72112a15b0b7b8fbe1dc7a38bd7f8e9abd8845ce4bc4,timer,0,1,0,0,0,0,1,0,0,0,0,1,0,0,0,0,1,0,0,0,0,1,0,0,0,0,1,0,0,0,0,1,0,0,0,0,1,0,0,0,0,1,0,0,0,0,1,0,0,0,0,1,0,0,0,0,1,0,0,0,0,1,0,0,0,0,1,0,0,0,0,1,0,0,0,0,1,0,0,0,0,1,0,0,0,0,1,0,0,0,0,1,0,0,0,0,1,0,0,0,0,1,0,0,0,0,1,0,0,0,0,1,0,0,0,0,1,0,0,0,0,1,0,0,0,0,1,0,0,0,0,1,0,0,0,0,1,0,0,0,0,1,0,0,0,0,1,0,0,0
435402991b3d4f6fa58a142b1135b696621167589cee02ab80f732e63a17e752,9382c1aaa07f9e63efca184120ea83d18d5b976b1572ad22d908ab9e4d9aaebc,34ff74cd17b94e0948e550f0f592abb067300b4d0a562e2666330bedd4ad8b8a,timer,0,0,0,0,0,0,0,0,0,0,0,0,0,0,0,0,0,0,0,0,0,0,0,0,0,0,0,0,0,0,0,0,0,0,0,0,0,0,0,0,0,0,0,0,0,0,0,0,0,0,0,0,1,0,0,0,0,0,0,0,0,0,0,0,0,0,0,0,0,0,0,0,0,0,0,0,0,0,0,0,0,0,0,0,0,0,0,0,0,0,0,0,0,0,0,0,0,0,0,0,0,0,0,0,0,0,0,0,0,0,0,0,1,0,0,0,0,0,0,0,0,0,0,0,0,0,0,0,0,0,0,0,0,0,0,0,0,0,0,0,0,0,0,0,0,0,0,0,0,0
4a8c839c302c9e4c597dfa52c8ef8db10d082dda343c7792e9b24b3649c029bd,f0e069c2ee97e2e26804686df4dae2e58ffaf5050ca4c84cd55fadeae95429d5,5c598d0743ce77f43d6924465a037e230c59102c6e3764bc08b928fec26d4bcb,timer,0,1,0,0,0,1,0,0,0,0,0,1,0,0,0,0,1,0,0,0,0,1,0,0,0,0,1,0,0,0,0,1,0,0,0,0,1,0,0,0,1,0,0,0,0,0,1,0,0,0,0,1,0,0,0,0,1,0,0,0,0,1,0,0,0,0,1,0,0,0,0,1,0,0,0,0,1,0,0,0,0,1,0,0,0,0,1,0,0,0,0,1,0,0,0,1,0,0,0,0,1,0,0,0,0,0,1,0,0,0,0,1,0,0,0,0,1,0,0,0,1,0,0,0,0,0,1,0,0,0,1,0,0,0,0,1,0,0,0,0,0,1,0,0,0,0,1,0,0,0
f96e634eb2b18b9b608122195770dcfe4cbc000ee90e5c967940cb71cec002a5,731cb2669db506b18bfca33c1fe8f63a1bf8ed671bbeda51cd18ad783d2853eb,07f58313aa95ffc4d64c9a6a8967a8a6adb416d6b2caf430c21b22378af1e525,timer,0,1,0,1,0,1,0,1,0,1,0,1,0,1,0,1,0,1,0,1,0,1,0,1,0,1,1,0,0,1,1,0,0,1,0,1,0,1,0,1,0,1,0,1,0,1,0,1,0,1,0,1,0,1,0,1,0,1,0,1,0,1,0,1,0,1,0,1,0,1,0,1,0,1,0,1,1,0,1,0,0,1,0,1,0,1,0,1,1,0,0,1,1,0,0,1,0,1,0,1,0,1,1,0,0,1,0,1,0,1,0,1,0,1,0,1,0,1,0,1,0,1,0,1,0,1,0,1,0,1,0,1,0,1,0,1,1,0,0,1,0,1,0,1,0,1,0,1,0,1
12a4f41883644f686917e847ca44324ebbeb9a5942750561cf0832189ebf2b49,aa33c370bbdc55466cdd4ec072149ca1f9e5454cbeb5097f33fd213d109a78aa,8fe72390bdd456e3e67822bf68c621e0b1102bd99d5304a434961e494fa32f64,http,0,0,0,0,0,0,0,0,0,0,0,0,0,1,0,0,0,0,0,0,0,0,0,0,0,0,0,0,0,0,0,0,0,0,0,0,0,0,0,0,0,0,0,1,0,0,0,0,0,0,0,0,0,0,0,0,0,0,0,0,0,0,0,0,0,0,0,0,0,0,0,0,0,1,0,0,0,0,0,0,0,0,0,0,0,0,0,0,0,0,0,0,0,0,0,0,0,0,0,0,0,0,0,1,0,0,0,0,0,0,0,0,0,0,0,0,0,0,0,0,0,0,0,0,0,0,0,0,0,0,0,0,0,1,0,0,0,0,0,0,0,0,0,0,0,0,0,0,0,0
eb95ddd0d6c8192b4ffd80ecc3e2e01aeb24eef7c20262c26ef6a3f34ccbd7cb,7b1138bdfbf2106f2a5e58f01693e8e63f9526e38665b6ace1a0a23d056e1393,b2d292a8c89750454cd027cbc3a51d119000d4e6d4fbfc2b69f38e4a168fb553,event,0,0,0,1,0,0,0,0,1,0,0,0,0,1,0,0,0,0,1,0,0,0,0,1,0,0,0,0,1,0,0,0,0,1,0,0,0,0,1,0,0,0,0,0,1,0,0,0,0,1,0,0,0,0,1,0,0,0,0,1,0,0,0,0,1,0,0,0,0,0,0,0,0,0,1,0,0,0,0,1,0,0,0,0,1,0,0,0,0,1,0,0,0,0,1,0,0,0,0,0,1,0,0,0,0,0,0,0,0,0,0,0,0,1,0,0,0,0,1,0,0,0,0,1,0,0,0,0,1,0,0,0,0,1,0,0,0,0,0,0,0,0,0,0,0,0,0,0,0,0
2001fc064a7c6f8edbc3fe6ada56b817aa95c7c0d8e92b36c677c74f06dd0904,b01fe6512be64742c753164f1ed63600bb360888591097296a6e67f9a1daea51,2892598cf74c466ede5c818b452b41a2da688f159b6de1037721c8291de78403,http,0,0,0,0,0,0,0,0,0,0,0,0,0,0,0,0,4,0,0,0,0,0,0,0,0,0,0,0,0,0,0,0,0,0,0,0,0,0,0,0,0,0,0,0,0,0,0,0,0,0,0,0,0,0,0,0,0,0,0,0,0,0,0,0,0,0,0,0,0,0,0,0,0,0,0,0,0,0,0,0,0,0,0,0,0,0,0,0,0,0,0,0,0,0,0,0,0,0,0,0,0,0,0,0,0,0,0,0,0,0,0,0,0,0,0,0,0,0,0,0,0,0,0,0,0,0,0,0,0,0,0,0,0,0,0,0,0,0,0,0,0,0,0,0,0,0,0,0,0,0
043f26684f3fe3f9d80bb818cb3e1d9a6fe4091f32871a97922aad22b0a6964b,9574efff3e7a2116364d65c3e3f153b4e5b289b65ba9f385444e6b26975f5307,44b3aa48ab5e26e5fccf0717e01e63357c33c19f1710149d83857d17ac3629b8,timer,0,1,0,0,0,0,1,0,0,0,0,1,0,0,0,0,1,0,0,0,0,1,0,0,0,0,1,0,0,0,0,1,0,0,0,0,1,0,0,0,0,1,0,0,0,0,1,0,0,0,0,1,0,0,0,0,1,0,0,0,0,1,0,0,0,0,1,0,0,0,0,1,0,0,0,0,1,0,0,0,0,1,0,0,0,0,1,0,0,0,0,1,0,0,0,0,1,0,0,0,0,1,0,0,0,0,1,0,0,0,0,1,0,0,0,0,1,0,0,0,0,1,0,0,0,0,1,0,0,0,0,1,0,0,0,0,1,0,0,0,0,1,0,0,0,0,1,0,0,0
67273e89acc518f0a9cb5209c376641eb054477a3c73099943cd96e95f448c13,d1740a8080df4082f9a52e86b5825a0078e5819e31d068a5a0a7445e0b557133,395ebeeffc2b89f4b74ce8fc58a8693fd935994b1cebcccff5b489ceb15da356,event,0,0,0,0,0,0,1,1,0,0,0,0,0,0,1,0,0,0,0,0,1,0,0,0,0,0,0,0,1,0,0,0,0,0,0,0,0,0,0,1,0,0,0,0,0,3,3,1,0,0,0,0,0,0,0,0,0,0,0,0,8,9,2,0,0,0,0,0,0,0,0,0,0,0,0,0,0,1,0,0,0,0,0,0,0,0,0,0,0,0,0,0,0,0,0,0,0,0,0,0,0,0,0,0,0,0,0,0,0,0,0,0,0,0,0,0,0,0,0,0,0,0,0,0,0,0,0,1,0,0,0,0,1,0,0,0,1,0,0,0,0,0,0,0,1,0,0,0,0,0
06bb4e584e07bfaa66a43376f8f76d5be3906aa10f964fb24acbc76c244e0037,46b015b17d44b6b5f15c94f4b4505f9993d60a5e4032b31507498351239ff085,1864aed1c7d8fdbfbeb4540aa11c9f7adafab8767ce9cd6bd9909eb2b60ef391,event,1,0,0,0,2,0,2,0,0,2,0,0,0,2,0,0,0,1,0,0,0,0,1,0,2,0,0,1,2,0,1,0,0,0,0,0,0,1,0,1,0,0,0,1,0,1,0,0,0,0,0,0,1,0,1,1,0,1,0,0,0,0,2,1,0,0,1,1,1,0,1,0,0,2,1,0,1,0,0,0,0,0,0,2,0,0,0,0,2,0,0,1,0,0,1,0,0,0,2,0,1,0,0,1,1,0,0,0,0,0,0,1,1,2,0,1,0,0,0,1,0,0,0,0,0,1,1,0,1,1,0,0,1,0,0,3,0,0,0,1,1,0,0,1,0,1,0,0,0,0
fd8a2430aa1d1b6fb9e059ff6268eabf8bbd77e68a6d5f38195a67820149b0ab,a6e8a4815dc8e1cc93766e7241880eb55b2791a85cd52f67ad830b18a7cb8a5e,a60833ac8af48ede629ca809f84438dcf8ba1ef206cc49e21f23a6442018145a,queue,0,0,0,0,0,0,0,0,0,0,0,3,0,0,0,0,1,0,0,0,0,0,42,0,0,0,0,0,0,0,0,0,0,0,0,0,0,0,0,0,0,30,0,0,0,0,2,0,0,0,0,0,0,0,0,0,0,0,0,0,0,0,0,0,0,0,0,0,0,0,0,4,0,0,0,0,0,0,0,0,0,0,0,0,0,0,0,0,0,0,0,0,0,0,0,0,0,0,0,0,0,2,0,0,0,0,2,0,0,0,0,0,0,0,0,0,0,0,0,0,0,0,0,0,0,0,0,0,0,0,0,3,0,0,0,0,1,0,0,0,0,0,0,0,0,0,16,7,0,0
f6c788c7e2204e3cd54a1d7ffca1b344773b3434d3d6a16b371d822a58473e5b,aaa9d6e047779d0e9568e38f25984817aa83ac8551ece324a0e5360c0f2d439c,17777e17d0463387710a37c8101729791d747b3e70e340bcf13fd63e923b729e,timer,0,1,0,1,0,1,0,1,0,1,0,1,1,0,0,1,1,0,1,0,0,1,0,1,0,1,0,1,1,0,1,0,0,1,0,1,0,1,1,0,0,1,0,1,1,0,0,1,0,1,1,0,0,1,0,1,0,1,0,1,0,1,0,1,0,1,0,1,0,1,0,1,1,0,1,0,0,1,0,1,0,1,0,1,0,1,1,0,1,0,0,1,0,1,0,1,0,1,1,0,1,0,0,1,0,1,0,1,0,1,0,1,0,1,1,0,0,1,0,1,0,1,0,1,0,1,0,1,0,1,0,1,0,1,0,1,0,1,1,0,0,1,0,1,0,1,0,1,1,0
5537222b33f7b59a0450ab88b8bffdbdf3d9307cf4359d0a74e022ce3ed74daf,4b05f738540108d0269b700201cb41e3999dec14099a475e348a0dbc76fa417c,398ff94a81a6eea8e999fb0f5831caa31e861d6426e7e3bb105ef14a412d957a,queue,0,0,1,0,0,0,0,0,0,0,0,0,0,0,0,0,0,0,0,1,1,11,1,0,0,0,0,0,0,0,0,0,0,0,0,0,0,0,0,0,1,0,0,0,0,2,0,0,0,0,0,0,0,0,0,0,0,0,0,0,0,0,0,0,0,0,0,0,0,0,0,0,0,0,0,0,0,0,0,0,0,0,0,0,0,1,0,0,0,0,0,0,0,0,0,0,0,0,0,7,0,0,0,0,0,0,0,0,0,0,1,1,2,0,0,0,0,0,0,0,0,0,0,0,2,2,1,4,2,3,2,1,3,0,1,1,1,1,0,2,1,1,0,2,1,1,1,0,1,1
f058137865067fb7169da83e324ce1da357cefbf6f413c0243ec4af1895af05b,9b25d44f32d2e5c1ed7ae480b0767ea4792f98bc4370753fb076298dc0a6a01b,199cb42595ec9f4190feb982fa9be352e003c72e5373549b40af63a24001ad2e,http,2,0,0,0,0,0,1,0,0,0,0,0,3,4,0,0,3,4,0,1,3,8,0,0,0,0,0,0,0,0,0,2,4,0,0,6,1,0,0,0,0,0,4,0,0,1,0,0,0,0,4,0,0,0,0,0,0,0,1,3,0,0,0,0,2,10,2,7,6,7,1,2,0,0,0,2,2,0,0,5,0,0,0,0,3,0,4,0,10,15,9,4,3,0,2,0,3,0,0,1,0,0,0,0,0,0,0,0,0,0,1,0,0,0,0,0,3,0,0,1,2,2,2,2,1,6,0,0,0,0,0,0,0,0,0,0,0,0,0,0,0,3,1,5,0,4,2,5,3,1
51363659d4b26ee2cefe9a0781d7c40f1d9b9a7333294f0c62d1721ed4a76f5c,888f17416e4170e09ebb79483d157c22053b6dbd247f99afdc1aa3246990ddc6,fe943988f74bf290a8d2a1b6ede2bb51e5de71b2dc8751b35293472b84f8aff7,queue,0,0,4,8,0,0,0,0,9,0,0,0,0,0,0,0,0,2,0,0,0,9,7,0,2,0,0,0,0,0,8,0,0,0,0,0,0,0,0,0,7,7,11,3,0,7,0,0,0,0,0,0,0,0,0,15,0,0,0,0,0,0,6,0,0,8,8,0,0,0,2,15,1,0,0,6,1,0,0,0,5,4,0,0,0,0,0,0,0,0,3,0,0,13,5,0,0,0,6,13,0,0,0,0,0,0,0,0,0,0,6,0,0,4,0,0,0,0,0,4,12,7,0,6,1,0,0,0,12,7,0,1,2,0,0,0,0,0,0,0,0,2,4,0,0,0,0,0,0,0
15b0709658399d207f915d89197845a7c9619e6bce323e782d56ba1fbf52e8e2,541cacdef41a43ba09a99ee796820ab7f7a2c0aa56d85d884decbc67e49730ac,9fcbb1f65b7a4ab879a8d859539143d7df744dc002064a1003dc71d4f13197ac,http,0,0,0,0,0,0,0,0,0,0,0,0,0,0,0,0,0,0,0,0,0,0,0,0,0,0,0,0,0,0,0,0,0,0,0,0,0,0,0,0,0,0,0,0,0,0,0,0,0,0,0,0,0,0,0,0,0,0,0,0,0,0,0,0,0,0,0,0,0,0,0,0,0,0,0,0,0,0,0,0,0,0,1,0,0,0,1,1,0,0,0,0,1,1,0,0,0,0,0,0,0,2,0,0,0,0,0,0,0,0,0,0,0,0,0,0,0,0,0,0,0,0,0,0,0,0,0,0,0,0,0,0,0,0,0,0,0,0,0,0,0,0,0,0,0,0,0,0,0,0
629cb33bbb4f02add1f0962e555bd6423b2cac6d9bdd7b1dd9ce32125fdea97c,be242e48f6707e4653ee9ff04d7720a4d4903b14fcd7c289b45e1a92608bebb9,7c7f4f4a3ccd6ee5dfebf1c1b5cdd97915a6187948190a74bb86c0b72af02b8c,orchestration,0,0,0,0,0,0,0,0,0,0,0,0,0,0,0,0,0,0,0,0,0,0,0,0,0,0,0,0,0,0,0,0,0,0,0,0,0,0,0,0,0,0,0,0,0,0,0,0,0,0,0,0,0,0,0,0,0,0,0,0,0,0,0,0,0,0,0,0,0,0,0,0,0,0,0,0,0,0,0,0,0,0,0,0,0,0,0,0,0,0,0,0,0,0,0,1,0,0,0,0,0,0,0,0,0,0,0,0,0,0,0,0,0,0,0,0,0,0,0,0,0,0,0,0,0,0,0,0,0,0,0,0,0,0,0,0,0,0,0,0,0,0,0,0,0,0,0,0,0,1
7fc1d572a679c0c45cc792221490b05ed4daa9b02d76544bec3fe37ec193e357,34077f203c66d05b665f7b75c3a9a88f42262a942290789d3ea2a70e130923db,69993e160c269644c85aa093f163eec616dfe5a64dcabae3aa8f4712e01e314c,timer,0,1,0,0,0,0,0,1,0,0,0,0,0,0,0,0,0,0,0,0,0,0,0,0,0,0,0,0,0,0,0,0,0,0,0,0,0,0,0,0,0,0,0,0,0,0,0,0,0,0,0,0,0,0,0,0,0,0,0,0,0,1,0,0,0,0,0,0,0,0,0,0,1,0,0,0,0,0,0,0,0,0,0,0,0,0,0,0,0,0,0,0,0,0,0,0,0,0,0,0,0,0,0,0,0,0,0,0,0,0,0,0,0,0,0,0,0,0,0,0,0,1,0,0,0,0,0,0,0,0,0,0,0,0,0,0,0,0,0,0,0,1,0,0,0,0,0,0,0,0
0681a462220030354aa3b854c1a9a9ce522bc16946045d61258d69c52ecac096,d5f63d73a685707f9db0d246d9278cb59b99756b11b5e0f06e2b5dd7e49ba187,4976ad838066ad69f2913923e45f1bd0a5699e9b1b4eb558836f8ecbdee6056e,http,0,0,0,0,0,0,0,0,0,0,1,0,0,0,0,0,0,0,0,0,0,0,0,0,0,0,0,0,0,0,0,1,0,0,0,0,0,1,0,0,0,0,0,0,0,0,0,0,0,0,0,0,0,0,0,0,0,0,0,0,0,0,0,0,0,0,0,0,0,0,0,0,0,0,0,0,0,0,0,0,0,0,0,0,0,0,0,0,0,0,0,0,0,0,0,0,0,0,0,0,0,0,0,0,0,0,0,0,0,0,0,0,0,0,0,0,0,0,0,0,0,0,0,0,0,0,0,0,0,0,0,0,0,0,1,0,0,1,0,0,0,0,0,0,0,0,0,0,0,0
e69907a39b7f061eadcc19370b201094dd3f81f08bbe1044572d8fc76ba94f9a,89658f9f130ebabd439e54210337444485a243c1e9dd6ff78270eddebe6bc517,afd08d882a03909f37b0f6f688d5612de58501b87accce52de3ad0dad808af60,http,0,0,0,0,0,0,0,0,0,0,0,0,0,0,0,0,0,0,0,0,0,0,0,0,0,0,0,0,0,0,0,0,0,0,0,0,0,0,0,0,0,0,0,0,0,0,0,0,0,0,0,0,0,0,0,2,0,0,0,0,0,0,0,0,0,0,0,0,0,0,0,0,0,0,0,0,0,0,0,0,0,0,0,0,0,0,0,0,0,0,0,0,0,0,0,0,0,0,0,0,0,0,0,0,0,0,0,0,0,0,0,0,0,0,0,0,0,0,0,0,0,0,0,0,0,0,0,0,0,0,0,0,0,0,0,0,0,0,0,0,0,0,0,0,0,0,0,0,0,0
06251669ac5f2e14073bdc770578f97085cb4a623838a7a530b91351170d02a0,c0dbf8fb69a23368affc2747834d6dfab9cdaaa7e1dc3a28d0c9888c12b89b81,64ffa759cc1fbcbd935b96d1f6b182ebd12f648a6a9783eb7a676f18ca86b98b,http,0,0,0,0,0,0,0,0,0,0,0,0,0,0,0,0,0,0,0,0,0,0,0,0,0,0,0,0,0,0,0,0,0,0,0,0,0,0,0,0,0,0,0,0,0,0,0,0,0,0,0,0,0,0,0,0,0,0,0,0,0,0,0,0,0,0,0,0,0,0,0,1,0,0,0,0,0,0,0,0,0,0,0,0,0,0,0,0,0,0,0,0,0,0,0,0,0,0,0,0,0,0,0,0,0,0,0,0,0,0,0,0,0,0,0,0,0,0,0,0,0,0,0,0,0,0,0,0,0,0,0,0,0,0,0,0,0,0,0,0,0,0,0,0,0,0,0,0,0,0
d49a91b96452c8102c4d2f18647f0503f5bd78c8d9110c60795654c58fbc4fea,8e2c2c8497cab91ae22f6d3fc74a5a749130445d0548e8f45368f3fa31b5a5f8,b3543c1d08ef66ff13e0df698e0e9615e4a497ace232c3715779151427fe15d5,queue,0,0,0,0,3,2,0,2,1,5,9,1,0,0,1,24,0,6,1,10,0,0,0,6,0,15,1,1,19,1,0,2,1,3,6,0,3,1,1,0,1,0,0,0,1,0,0,1,0,6,0,0,1,0,0,0,0,1,0,2,10,1,0,0,0,20,3,0,0,0,0,0,0,6,1,2,0,4,11,0,1,0,0,0,1,4,28,3,3,0,0,0,0,0,0,1,4,1,3,27,2,3,1,1,0,0,1,10,0,3,0,0,1,0,0,0,1,0,0,2,0,0,3,3,0,0,0,0,0,0,0,0,1,1,1,0,1,0,1,0,0,2,0,0,0,3,0,0,0,1
c91e30a843dfce0beadf2b658d0dee6f346b8c7d97eeb01b15a710e16dca41d9,07457ad647bcb99507cd7e558946aaba4579a8054421e0623f6872a9e32182e5,e85a8260e660d9b5c19360f58d9c6fa99f95d13f9ea82e43ef1017b20fae1699,timer,1,0,0,0,0,0,1,0,0,0,0,1,0,0,0,1,0,0,0,0,0,1,0,0,0,0,1,0,0,0,0,1,0,0,0,0,1,0,0,0,0,1,0,0,0,0,1,0,0,0,0,1,0,0,0,0,1,0,0,0,0,1,0,0,0,0,1,0,0,0,0,1,0,0,0,0,1,0,0,0,0,1,0,0,0,0,1,0,0,0,1,0,0,0,0,0,1,0,0,0,0,1,0,0,0,0,1,0,0,0,0,1,0,0,0,0,1,0,0,0,0,1,0,0,0,0,1,0,0,0,0,1,0,0,0,0,1,0,0,0,1,0,0,0,0,0,1,0,0,0
7028cc64141a7e04411bf7940901323153effd5e38743be93964e565ca2dbdae,37ea367836d0909f64166b6753bd2ba58bc8dfdfc8ac9f33173d6f40f056ccda,f07630a2da597286635f91eab12ece02d533e776a76854ae22c2511af8e54ab9,http,0,1,0,0,1,2,0,1,1,0,0,1,1,1,2,1,0,0,0,0,0,0,0,0,0,0,0,0,0,0,1,0,1,0,1,2,0,0,1,0,0,1,1,0,0,1,1,0,1,1,0,2,0,0,0,0,0,0,0,0,0,0,0,0,3,1,3,1,1,0,0,0,0,0,1,1,1,0,0,0,1,0,0,0,1,0,1,1,1,1,0,2,0,3,0,0,1,0,1,0,0,0,0,0,1,0,1,1,0,1,1,0,0,0,1,0,0,0,0,2,0,3,0,1,0,0,3,2,1,0,1,3,3,1,1,0,0,2,1,0,0,2,1,2,0,0,2,0,0,0
2fbdd42b69abc701122fc47c7c1301b9ea0bc334474d4827dd8593fa774ff86e,cb2fb9a354c7e45749da2577b9caf65a7ab7fc5b01bb18b1edae10d8c3ce5d0b,bcf7e7f3b135381367d101f77f8e0585e2bd7997913ac9c7263cd3abe89e2b95,queue,0,0,0,0,0,0,0,1,0,0,0,0,0,0,0,0,1,0,0,0,0,0,0,0,0,0,0,0,0,0,0,0,0,0,0,0,0,0,0,0,0,0,0,0,0,0,0,1,0,0,0,0,0,0,0,0,0,0,0,0,0,0,0,0,0,0,1,0,0,0,0,0,0,0,0,0,0,0,0,0,0,0,0,0,0,0,0,0,0,0,0,0,0,0,0,0,0,0,0,0,0,0,0,0,0,0,0,0,0,0,0,0,0,0,0,0,0,0,0,0,0,0,0,0,0,0,0,0,0,0,0,0,0,0,0,0,0,0,0,0,0,0,0,0,0,0,0,0,0,0
acfdfa8e231cce425394c7c5901b3e455b558c3c791a50ee1d43121a84ff09d3,7bb1376f980bf6f7f423272134e99ad6b35c1b9cde224e694d3348ef991d9167,762d22c5a3d7590bfaaf38550de01d44946a18c3fb415a04419fb10b97775af2,event,1014,1071,1037,1034,987,1060,1018,1058,1041,1126,948,1047,950,996,998,1039,854,999,954,999,1093,948,1077,957,952,948,975,994,951,1015,992,966,1057,958,973,1020,1003,1040,1058,1058,1085,1109,1139,997,1108,1063,999,981,1017,1148,1144,945,1133,1095,1093,1074,1181,1126,1069,1047,1081,966,1070,1092,1088,1052,1014,1139,1110,1102,1099,1093,1095,1122,1174,1109,1116,1143,1141,1165,1181,1067,953,1134,1099,1202,1094,1156,1141,1091,1154,1127,997,1025,1158,1207,1163,1144,1123,1172,1064,1134,1111,1042,1137,1132,1189,1159,1105,1145,1117,1256,1170,1132,1243,1206,1140,1113,1034,1180,1202,1040,1174,1150,1183,1171,1184,1193,966,1219,1140,1165,1183,1315,1215,1138,1208,1156,1178,1213,1233,1175,1181,1055,1176,1123,1253,1187,1182,1038
7df3c82203f3a9b8e70c13f264c0efbaa99b9785c58755e3da0a5fc40522be89,c7e7606c558421c57af247de96006c670392f4747a1bade86c61fff3a324408f,01f5385d960e92e89b76f9633f8e31ea67b527ef41e30a74bfdacf3cee1a29dd,queue,0,5,0,0,0,0,0,0,0,0,0,0,0,0,0,0,0,0,0,0,0,0,0,0,0,0,0,0,0,0,0,0,0,0,0,0,0,0,0,0,0,0,0,0,0,0,0,0,0,0,0,0,0,0,0,0,0,0,0,0,0,5,0,0,0,0,0,0,0,0,0,0,0,0,0,0,0,0,0,0,0,0,0,0,0,0,0,0,0,0,0,0,0,0,0,0,0,0,0,0,0,0,0,0,0,0,0,0,0,0,0,0,0,0,0,0,0,0,0,0,0,5,0,0,0,0,0,0,0,0,0,0,0,0,0,0,0,0,0,0,0,0,0,0,0,0,0,0,0,0
7796dd2955b15ab4f52ee7697f6bafb6be1cb98e0b3e38291f430b7540b42ac8,63ee3829952ee6dd25d71218f013e9c9b92d0557c4684e277d97821ca1ac1359,04b627af70418d4fc6ee75093a19aa938b807fb3ab4c22250dff5660f5df660f,timer,0,1,0,0,0,0,1,0,0,0,0,1,0,0,0,0,1,0,0,0,0,1,0,0,0,0,1,0,0,0,0,1,0,0,0,0,1,0,0,0,0,1,0,0,0,0,1,0,0,0,0,1,0,0,0,0,1,0,0,0,0,1,0,0,0,0,1,0,0,0,0,1,0,0,0,0,1,0,0,0,0,1,0,0,0,0,1,0,0,0,0,1,0,0,0,0,1,0,0,0,0,1,0,0,0,0,1,0,0,0,0,1,0,0,0,0,1,0,0,0,0,1,0,0,0,0,1,0,0,0,0,1,0,0,0,0,1,0,0,0,0,1,0,0,0,0,1,0,0,0
34288fe70afd055f9995983bd23fb0eb323c7cafa594b7688f92cf952b3ac78a,c2240cb6e5bcf36c60594d9a04e8a56b0d4d9ca0b493315948cab01306e0e4b6,17b5361f8f1936c3af2b97104f584da3287985db6b74d09a48f6a512c75fa6a0,queue,0,0,0,0,0,0,0,0,0,0,0,0,0,0,0,0,0,0,0,0,0,0,0,0,0,0,0,0,0,0,0,0,0,0,0,0,0,0,0,0,0,0,0,0,0,0,0,0,0,0,0,0,0,0,0,0,0,0,0,0,0,0,0,0,0,0,0,0,0,0,0,0,0,0,0,0,0,0,0,0,0,0,0,0,0,0,0,0,0,0,0,0,0,0,0,4,0,0,0,0,0,0,0,0,0,0,0,0,0,0,0,0,0,0,0,0,0,0,0,0,0,0,0,0,0,0,0,0,0,0,0,4,0,0,2,1,1,1,2,0,0,0,0,0,3,0,0,3,0,0
775bb979b6fcd3707d650eddc52515a21ee51f4f985311433d58cedec03b34af,ae4362fc0a9851595501b6f76ecf50482e24d9f42617be7a2c88edf4c8a00a3d,4a6e47384ee2f456491382a968541304288d362087d08f97659df2cb4c6f6103,timer,0,1,0,0,0,0,1,0,0,0,0,1,0,0,0,0,1,0,0,0,0,1,0,0,0,0,1,0,0,0,0,1,0,0,0,0,1,0,0,0,0,1,0,0,0,0,1,0,0,0,0,1,0,0,0,0,1,0,0,0,0,1,0,0,0,0,1,0,0,0,0,1,0,0,0,0,1,0,0,0,0,1,0,0,0,0,1,0,0,0,0,1,0,0,0,0,1,0,0,0,0,1,0,0,0,0,1,0,0,0,0,1,0,0,0,0,1,0,0,0,0,1,0,0,0,0,1,0,0,0,0,1,0,0,0,0,1,0,0,0,0,1,0,0,0,0,1,0,0,0
a13876e7f5f1150478cae3c59d1924a385e62076dcc68970cb55df18ab72c969,0d5134c5b914e413573a538688676d188b6acf2b2d090253757029a816f87cfc,0f6ad4a21372a0c1c319392c078c4eb047f709fb795876869258aa3474b6e191,timer,0,0,0,0,0,0,0,0,0,0,0,0,0,0,0,0,0,0,0,0,0,0,0,0,0,0,0,1,0,0,0,0,0,0,0,0,0,0,0,0,0,0,0,0,0,0,0,0,0,0,0,0,0,0,0,0,0,1,0,0,0,0,0,0,0,0,0,0,0,0,0,0,0,0,0,0,0,0,0,0,0,0,0,0,0,0,0,1,0,0,0,0,0,0,0,0,0,0,0,0,0,0,0,0,0,0,0,0,0,0,0,0,0,0,0,0,0,1,0,0,0,0,0,0,0,0,0,0,0,0,0,0,0,0,0,0,0,0,0,0,0,0,0,0,0,0,0,1,0,0
965af031a8b7962ad3c97708a92e0d144d2d787c5abe454563669867fca195ed,0b8143c6b3d067663138416f950970f18473d2f1761020b8b31bf042b59fd42a,046da8a88599b7d5bd2242efc86d4d62718f69df47e6cdcd771a14d013a83a27,timer,0,1,0,0,0,0,0,0,0,0,0,0,0,0,0,0,0,0,0,0,0,0,0,0,0,0,0,0,0,0,0,1,0,0,0,0,0,0,0,0,0,0,0,0,0,0,0,0,0,0,0,0,0,0,0,0,0,0,0,0,0,1,0,0,0,0,0,0,0,0,0,0,0,0,0,0,0,0,0,0,0,0,0,0,0,0,0,0,0,0,0,0,0,0,0,0,0,1,0,0,0,0,0,0,0,0,0,0,0,0,0,0,0,0,0,0,0,0,0,0,0,1,0,0,0,0,0,0,0,0,0,0,0,0,0,0,0,0,0,0,0,0,0,0,0,0,0,0,0,0
0ccf9c75230e308d25ee3e768f8587aeebb410430a9ae66c5675996974183120,361786de5317c64968b2f5587915fa47efafd299dfb7f905e72037844885be05,4c355dee202e0f37927c55ca3e41c51b29d3b41f3ad0e17d36f3fbeed2228f76,http,0,0,0,0,0,0,0,0,0,0,0,0,0,0,0,0,0,0,0,0,0,0,0,0,0,0,0,0,0,0,0,0,0,0,0,1,0,0,0,0,0,0,0,0,0,0,0,0,0,0,0,0,0,0,0,0,1,0,0,0,0,0,0,0,0,0,2,0,0,0,0,0,0,0,0,0,0,0,0,0,0,0,0,0,0,0,0,0,0,0,0,0,0,0,0,0,1,0,0,0,0,0,0,0,0,0,0,0,0,0,0,0,0,0,0,0,0,0,0,0,0,0,0,0,0,0,3,0,0,0,0,0,0,0,0,0,0,0,0,0,0,0,0,0,0,0,0,0,0,0
5a188da878112f5e561cb799a8f8c139f842180697cc5c3aaeadd0fefc45906f,08d3a654794cf1c4b124c05b90f7a267d564a9fa8acbecdeb0342e4e55b412d6,b7c64bf8a681381d7c6913a75d1c58030fdf787c04b09ee79d425c972ab19989,timer,1,1,2,0,1,1,1,1,1,1,1,1,1,1,1,1,1,1,1,2,0,2,1,0,1,1,2,0,1,2,1,1,1,1,1,0,1,1,2,0,1,1,1,2,0,1,1,1,2,0,1,1,1,2,0,2,0,1,2,0,1,1,1,1,1,1,1,2,1,0,1,2,0,2,0,2,0,1,1,2,0,1,1,1,1,1,1,1,2,0,1,1,2,1,0,1,1,1,2,0,2,0,1,1,1,1,1,1,2,0,1,1,1,1,1,2,0,1,1,2,0,1,1,1,1,2,0,1,1,1,2,0,1,1,1,1,1,1,1,2,0,1,1,1,1,1,1,1,1,1
9f699419c6fd3f4a4047457a409fa381b43bdbd90c23078026f7e74c63b86587,33dd46ec09a19904c9754297a166fefc36bd3f2ce2e844cf40f6685e2215eb72,9df62206272ccb8c60714aa8b1c4b045f2092e29a0704237dc19e900d1c41d07,storage,0,0,0,0,0,0,0,0,0,0,0,0,0,0,0,0,0,0,0,0,0,0,0,0,0,0,0,0,0,0,0,0,0,0,0,0,0,0,0,0,0,0,0,0,0,0,0,0,0,0,0,0,0,0,0,0,0,0,0,0,0,0,0,0,0,0,0,1,0,0,0,0,0,0,0,0,0,0,0,0,0,0,0,0,0,0,0,0,0,0,0,0,0,0,0,0,0,0,0,0,0,0,0,0,0,0,0,0,0,0,0,0,0,0,0,0,0,0,0,0,0,0,0,0,0,0,0,0,0,0,0,0,0,0,0,0,0,0,0,0,0,0,0,0,0,0,0,0,0,0
e8e56ba84498ec7e4acecfbd824587a399e47592cf9388a45419712de931a3a3,66304569269ba87c82d25854774f7847179f95d8897e07455f383f8c3df7ffbb,8c3ba8c34904b078ed64a795ea6348c1392852d2e18ea089aa1aa004b9a2c20a,timer,0,0,0,0,0,0,0,0,0,0,0,1,0,0,0,0,0,0,0,0,0,0,0,0,0,0,0,0,0,0,0,0,0,0,0,0,0,0,0,0,0,0,0,0,0,0,0,0,0,0,0,0,0,0,0,0,0,0,0,0,0,0,0,0,0,0,0,0,0,0,0,1,0,0,0,0,0,0,0,0,0,0,0,0,0,0,0,0,0,0,0,0,0,0,0,0,0,0,0,0,0,0,0,0,0,0,0,0,0,0,0,0,0,0,0,0,0,0,0,0,0,0,0,0,0,0,0,0,0,0,0,1,0,0,0,0,0,0,0,0,0,0,0,0,0,0,0,0,0,0
edb684e28a7f5fc135aabf741b78b49610449933d9f0933b356a058ddd3bde45,8209bc3cf950371199ef35f8f91b85e2323ed5b3ee76d02387fe7d214ebd179a,9a30509ceb41cbd6a8bcba4db76b833ba0cc8ae392f125f74323e93a6230c37b,timer,0,1,0,0,0,0,0,0,0,0,0,0,0,0,0,0,0,0,0,0,0,0,0,0,0,0,0,0,0,0,0,0,0,0,0,0,0,0,0,0,0,0,0,0,0,0,0,0,0,0,0,0,0,0,0,0,1,0,0,0,0,1,0,0,0,0,0,0,0,0,0,0,0,0,0,0,0,0,0,0,0,0,0,0,0,0,0,0,0,0,0,0,0,0,0,0,0,0,0,0,0,0,0,0,0,0,0,0,0,0,0,0,0,0,0,0,1,0,0,0,0,1,0,0,0,0,0,0,0,0,0,0,0,0,0,0,0,0,0,0,0,0,0,0,0,0,0,0,0,0
d058802bb738328e826d44f3109c9dc525cae4c8b69d9b4f43b6a3ff26920470,e2a63dce97a67bdb3571d66173b9c0b8a9befc959b1ca00c4eecad593a89ddbf,53978ebf61fea008c119eb735031422bc9cb56022639c08985e85eb59f2c8241,timer,0,0,0,0,1,0,0,0,0,1,0,0,0,0,1,0,0,0,0,1,0,0,0,0,1,0,0,0,0,1,0,0,0,0,1,0,0,0,0,1,0,0,0,0,1,0,0,0,0,1,0,0,0,0,1,0,0,0,0,1,0,0,0,0,1,0,0,0,0,1,0,0,0,0,1,0,0,0,0,1,0,0,0,0,1,0,0,0,0,1,0,0,0,0,1,0,0,0,0,1,0,0,0,0,1,0,0,0,0,1,0,0,0,0,1,0,0,0,0,1,0,0,0,0,1,0,0,0,0,1,0,0,0,0,1,0,0,0,0,1,0,0,0,0,1,0,0,0,0,1
ccf51e739dcee171d7dc761377862013eddef063ec504312480a09d6344f8db1,ed6a23c1f68c8f3a8ce58a56ac39808948c1452cf6026117d2dcec26904fb0c6,6cc26783660ae5cb81bf4ab81a3e84179653e60a7133bffbab489c6c9e1a7427,timer,0,1,0,0,1,0,1,0,0,0,1,0,1,0,0,0,1,0,1,0,0,0,1,0,1,0,0,1,0,0,1,0,0,0,1,0,1,0,0,0,1,0,0,1,0,0,1,0,0,1,0,0,1,0,0,1,0,1,0,0,1,0,0,1,0,0,0,1,0,1,0,0,0,1,0,0,1,0,0,1,0,0,1,0,1,0,0,0,1,0,1,0,0,0,1,0,0,1,0,0,1,0,0,1,0,0,1,0,1,0,0,0,1,0,0,1,0,0,1,0,0,1,0,0,1,0,1,0,0,1,0,0,0,1,0,0,1,0,0,1,0,0,1,0,0,1,0,0,1,0
d61f941f624ea4a33f5f76f2b0ed748d382b56e518ed2e900c6fd63905d92b7a,ba35a84448835efcc4539208989259c90935737e010d3d8e2293f97c4ab8ba72,d666f873289af339842ec02fc2c984077f78dea7c7c23aac034b4c33492c8557,timer,0,1,0,0,0,0,0,0,0,0,0,0,0,0,0,0,1,0,0,0,0,0,0,0,0,0,0,0,0,0,0,1,0,0,0,0,0,0,0,0,0,0,0,0,0,0,1,0,0,0,0,0,0,0,0,0,0,0,0,0,0,1,0,0,0,0,0,0,0,0,0,0,0,0,0,0,1,0,0,0,0,0,0,0,0,0,0,0,0,0,0,1,0,0,0,0,0,0,0,0,0,0,0,0,0,0,1,0,0,0,0,0,0,0,0,0,0,0,0,0,0,1,0,0,0,0,0,0,0,0,0,0,0,0,0,0,1,0,0,0,0,0,0,0,0,0,0,0,0,0
486e10ac87f2c7495ab672094483c49e935e6f7e19b2b9b7157be7f9f949244c,b32fd35ebfc893d282e742cba31ae5cf6414222d1fd88fc58f5e3760ca68e274,fe65c230ae26b0103d42981741be0ca212b250ab118a2711c667a1ff891faeb1,http,0,0,0,0,0,0,0,0,0,0,0,0,0,0,0,0,0,0,0,0,0,0,0,0,0,1,0,0,0,0,0,0,0,0,0,0,0,0,0,0,0,0,0,0,0,0,0,0,0,0,0,0,0,0,0,0,0,0,0,0,0,0,0,0,0,0,0,0,0,0,0,0,0,0,0,0,0,0,0,0,0,0,0,0,0,0,0,0,0,0,0,0,0,0,0,0,0,0,0,0,0,0,0,0,0,0,0,0,1,0,0,0,0,0,0,0,0,0,0,0,0,0,0,0,0,0,0,0,0,0,0,0,0,0,0,1,0,0,0,0,0,0,0,0,0,0,0,0,0,0
553aaf965592f4af6e31c2ceed2d7cd87b8a0e728b72f72edf75f74ecb752503,4bdaf7c96755d694091a5c5770b11b5a58c7044341a779e6c4afed605dbb63a3,2200c6de9258230486b892c59558ec8be0048c842a52d81022ba7a902aff1e30,http,0,0,0,0,0,0,0,0,0,0,0,1,0,0,0,0,0,0,0,0,0,0,0,0,0,0,0,0,0,0,0,0,0,0,0,0,0,0,0,0,0,0,0,0,0,0,0,0,0,0,0,0,0,0,0,0,0,0,0,0,0,0,0,0,0,0,0,0,0,0,0,0,0,0,0,0,0,0,0,0,0,0,0,0,0,0,0,0,0,0,0,0,0,0,0,0,0,0,0,0,0,0,0,0,0,0,0,0,0,0,0,0,0,0,0,0,0,0,0,0,0,0,0,0,0,0,0,0,0,0,0,0,0,0,0,0,0,0,0,0,0,0,0,0,0,0,0,0,0,0
271197cdbccb789e73f09bbf24d1dd7d7f49503398b4ac8be692ed7faadd4041,9c1346945b7e5db92d9ae232ae98f4fd53a66cb250b1e9e3362b2e07e9572eea,943f39e2d973be5bf31207e76bbeb8c69239390a1e2f2aedd1ccf1b2068fc7ec,http,0,0,0,0,0,0,0,0,0,0,0,0,0,0,0,0,0,0,0,0,0,0,0,0,0,0,0,0,0,0,0,0,0,0,0,0,0,0,0,0,0,0,0,0,0,0,0,0,0,0,0,0,0,0,0,0,0,0,0,0,0,0,0,0,0,0,0,0,0,0,0,0,0,0,0,0,0,0,0,0,0,0,0,0,0,0,0,0,0,0,0,0,0,0,0,0,0,0,0,0,0,0,0,0,0,0,0,0,0,0,0,0,0,0,0,0,0,0,0,0,0,0,0,0,0,0,0,0,0,0,0,0,0,0,0,0,5,0,0,0,0,0,0,0,0,0,0,0,0,0
312d564de8034c7343b64bcee2b3702865eeb563629957c78ab5ec4282ec15e8,eefaf77a362edab1382631482c8dd7091bff9ce35ca7ba06d424d15f367261ac,62f22febe66c4b5f945d1fd75dbc091f234db8c324c06db92bfb098a1717b8cc,timer,0,1,0,0,0,0,1,0,0,0,0,1,0,0,0,0,1,0,0,0,0,1,0,0,0,0,1,0,0,0,0,1,0,0,0,0,1,0,0,0,0,1,0,0,0,0,1,0,0,0,0,1,0,0,0,0,1,0,0,0,0,1,0,0,0,0,1,0,0,0,0,1,0,0,0,0,1,0,0,0,0,1,0,0,0,0,1,0,0,0,0,1,0,0,0,0,1,0,0,0,0,1,0,0,0,0,1,0,0,0,0,1,0,0,0,0,1,0,0,0,0,1,0,0,0,0,1,0,0,0,0,1,0,0,0,0,1,0,0,0,0,1,0,0,0,0,1,0,0,0
23585e5c9ad9d7de0016aee0cae0ef9339aa943e635a0d61af082dbfe4688c40,467ad64fd56f2c60960452f5dac6eb724ff239e34acfc0093754717eb568d014,3b8f714aae9291461911c14407cfb34d72d3a1e76e7915e43f3e1a9a10bb5802,timer,0,0,0,0,0,0,0,0,0,0,0,0,0,0,0,0,0,0,0,0,0,0,0,0,0,0,0,0,0,0,0,0,0,0,0,0,0,0,0,0,0,0,0,0,0,0,0,0,0,0,0,0,0,0,0,0,0,0,0,0,0,0,0,0,0,0,0,0,0,0,0,0,0,0,0,0,0,0,0,0,0,0,0,0,0,0,0,0,0,0,0,0,0,1,0,0,0,0,0,0,0,0,0,0,0,0,0,0,0,0,0,0,0,0,0,0,0,0,0,0,0,0,0,0,0,0,0,0,0,0,0,0,0,0,0,0,0,0,0,0,0,0,0,0,0,0,0,0,0,0
bbeb1f0bc390e8fdbb5df04a912b8f5528c92b2755cc00291170f303aff46cb1,38dab86e96e37bee3101fe3b4cdf3b5f0328db9883282fc1b5c2db9b1aebb768,8fe9f2ae4fa78bd09c964cd754d90592c520c52eeb7909c1fb4933f27a4f8fae,http,0,0,0,0,0,0,0,0,1,0,1,0,0,0,1,0,0,1,0,0,0,0,1,0,1,0,0,0,0,0,0,0,0,0,0,0,0,0,1,0,0,0,0,0,0,0,0,0,0,1,0,0,0,0,0,0,0,0,0,0,0,0,0,0,0,0,1,0,1,0,0,0,1,0,1,0,0,0,0,0,0,1,0,0,1,0,0,1,0,0,0,0,0,0,1,0,0,1,0,0,0,0,0,0,0,0,0,0,0,1,0,0,0,0,0,1,0,0,1,0,0,1,0,0,1,0,1,0,0,0,0,1,0,0,0,0,1,0,0,0,1,0,0,0,1,0,0,1,0,0
8b4aca7fe8c8a3a837107f9ae56fb5799e2d68f1f4ccd406a3c78d4066693438,469b55c1e9fae9a1c4cce22545ce62ffe07f6cb9cdcbd8a018d613d5dd5d0a3a,81ca41d83bedfc486dd143dbf5bd03a740f6a86d7888052d774d4c95d869a942,queue,0,0,0,0,0,0,0,0,0,0,0,0,0,0,0,0,0,0,0,0,0,0,0,0,0,0,0,0,0,0,0,0,0,0,0,0,0,0,0,0,0,0,0,0,0,0,0,0,0,0,0,0,0,0,0,0,0,0,0,0,0,0,0,0,0,0,0,0,0,0,0,0,0,0,0,0,0,0,0,0,0,0,0,0,1,0,0,0,0,0,0,0,0,0,0,0,0,0,0,0,0,0,0,0,0,0,0,0,0,0,0,0,0,0,0,0,0,0,0,0,0,0,0,0,0,0,0,0,0,0,0,0,0,0,0,0,0,0,0,0,0,0,0,0,0,0,0,0,0,0
1e5f2b93256d76bafd67be173abf7aad87a405927a7bdfedd05c17b95e3375a8,835a41a01d9790393487097b456e1efc14f1af9f0dc51272728beaab4503a07e,2a2de38db4cc19a5fce3ea9ce392ba985fd9dce865a7d439c7bfa503f9b9bb90,timer,0,1,0,0,0,0,1,0,0,0,0,1,0,0,0,0,1,0,0,0,0,1,0,0,0,0,1,0,0,0,0,1,0,0,0,0,1,0,0,0,0,1,0,0,0,0,1,0,0,0,0,1,0,0,0,0,1,0,0,0,0,1,0,0,0,0,1,0,0,0,0,1,0,0,0,0,1,0,0,0,0,1,0,0,0,0,1,0,0,0,0,1,0,0,0,0,1,0,0,0,0,1,0,0,0,0,1,0,0,0,0,1,0,0,0,0,1,0,0,0,0,1,0,0,0,0,1,0,0,0,0,1,0,0,0,0,1,0,0,0,0,1,0,0,0,0,1,0,0,0
30f65f4f0dbab0d7184a94e5541f9c43b873a20b86d755b1ca499024e527b3ee,de59ffa3b4e2e0e04f5e2c29125bc11a4bf02ed5c690da9575b4718114c01732,c51f41e4763377560b757fa5fac6f6c103d7e7a2678dcc28419050c8d197d114,http,0,0,0,0,0,0,0,0,0,0,0,0,0,0,0,0,0,0,0,0,0,0,0,0,0,0,0,0,0,0,0,0,0,0,0,0,0,0,0,0,0,0,0,0,0,0,0,0,0,0,0,0,0,0,0,0,0,0,0,0,0,0,0,0,0,0,0,0,0,0,0,0,0,0,0,0,0,0,0,0,0,0,0,0,0,0,0,0,0,0,0,0,0,0,0,0,0,0,0,0,0,0,0,0,0,0,0,0,0,0,0,0,0,0,0,1,0,0,0,0,0,0,0,0,0,1,0,0,0,0,0,0,0,0,0,0,0,0,0,0,0,0,0,0,0,0,0,0,0,0
2c18dc9ddbec315527f3ed6109f064fda7e7baca0bd60e0cdee71362c9cf60e2,23237fa7c519a4ca63aeed44db287ba55489a38efe259d86c15b51ee97c79ecf,ff6c27268cd1a532c8f140589d76507aeac29bc4d0a2d79a63420824ca66b176,timer,2,3,3,3,3,3,4,2,3,3,3,3,4,2,3,3,3,4,2,4,2,3,4,2,3,4,2,3,3,3,4,2,3,3,4,2,3,3,4,2,3,4,2,3,3,3,3,3,3,3,3,3,3,3,3,3,3,3,3,3,3,1,3,3,3,4,2,3,4,2,4,3,2,3,3,3,4,2,3,3,3,3,3,3,4,2,3,3,3,3,4,2,4,3,2,3,3,4,3,2,4,3,2,4,2,3,3,3,3,3,3,3,3,4,2,3,3,4,2,4,2,3,3,4,2,4,3,3,2,3,4,2,3,3,3,2,3,3,4,2,3,3,3,3,4,2,3,3,3,3
efd511e7a6bb48fbff316406582068e230ca1ce80e7bfa67cf2e398acd43cb35,7bd7e2bf570cbfd6ebd72c628aa8bff1fc9627b8052d8960fd94609af575d663,cbb155892986a500d75907ab964bf26e67caee4e2fee16607e5e36a558c7c07d,timer,0,1,0,0,0,0,1,0,0,0,0,1,0,0,0,0,1,0,0,0,0,1,0,0,0,0,1,0,0,0,0,1,0,0,0,0,1,0,0,0,0,1,0,0,0,0,1,0,0,0,0,1,0,0,0,0,1,0,0,0,0,1,0,0,0,0,1,0,0,0,0,1,0,0,0,0,1,0,0,0,0,1,0,0,0,0,1,0,0,0,0,1,0,0,0,0,1,0,0,0,0,1,0,0,0,0,1,0,0,0,0,1,0,0,0,0,1,0,0,0,0,1,0,0,0,0,1,0,0,0,0,1,0,0,0,0,1,0,0,0,0,1,0,0,0,0,1,0,0,0
9f0c09fc065ea484418928bd5c77fa66383fe672449fb6f9fa1bc88162294279,6cc5171af55c170c1fb732b85ca7120a6b5d9d4929bc28feefeb4821b230d529,baf710add7ae105a369dd4aac18105bd1909aa3a5ee44b628d217bb8bfec793c,timer,0,1,2,0,1,2,0,1,1,1,1,1,2,1,0,2,1,0,1,1,1,1,1,1,1,1,1,1,1,1,2,0,2,0,1,2,0,2,0,1,1,1,1,1,1,1,1,2,0,1,1,1,1,1,1,1,2,0,1,1,1,1,2,1,0,1,2,1,0,1,1,2,0,1,2,0,2,0,1,2,0,2,0,1,2,1,1,0,1,1,1,1,1,1,1,1,2,0,1,1,1,1,1,1,2,0,1,2,0,1,2,0,1,1,1,2,1,0,1,2,0,1,1,2,0,2,0,1,2,1,0,1,1,1,1,2,0,2,0,1,1,1,2,0,1,1,1,1,1,1
0001edd756889b6f8ad48f9d7c03fe42d5bc3deabed9d77751d6fb55f6653ff7,4c5c62b1da65cdd9c5e987a8235ab3b3a74d7229603100326c1cb4096ff4a668,0691cf2b03ca11b9cf0685a65dca4dd82a46477076981289a25f463101607766,http,0,0,0,0,0,0,0,0,0,0,0,0,0,0,0,0,0,0,0,0,0,0,0,0,0,0,0,0,0,0,0,0,0,0,0,0,0,0,1,0,0,0,0,0,0,0,0,0,0,0,0,0,0,0,0,0,0,0,0,0,0,0,0,0,0,0,0,0,0,0,0,0,0,0,0,0,0,0,0,0,0,0,0,0,0,0,0,0,0,0,0,0,0,0,0,0,0,0,0,0,0,0,0,0,0,0,0,0,0,0,0,0,0,0,0,0,0,0,0,0,0,0,0,0,0,0,0,0,0,0,0,0,0,0,0,0,0,0,0,0,0,0,0,0,0,0,0,0,0,0
6e56ade0b600c291e78df81dacc3538cdf0a8e45c16bcae1be8d05d1df570f40,c4af8eb43c9e02f71d4f4bbf367774167afcac3348c7e1177d71dd6024ca3394,69cb611ea683e4fec61736150369ce61bd73e419b9000f0ce78082bb69afec16,http,0,0,0,1,0,0,0,0,0,0,0,0,0,0,0,0,0,0,0,0,0,0,0,0,1,0,0,0,0,0,0,0,0,0,0,0,0,0,0,0,0,0,0,0,0,0,0,0,0,0,0,0,0,0,0,0,0,0,0,0,0,0,0,1,0,0,0,0,0,0,0,0,0,0,0,0,0,0,0,0,0,0,0,0,0,0,0,0,0,0,0,0,0,0,0,0,0,0,0,0,0,0,0,0,0,0,1,0,0,0,0,0,0,0,0,0,0,0,0,0,0,0,0,0,0,0,0,0,0,0,0,0,0,0,0,0,0,0,0,0,0,0,0,0,0,0,0,0,0,0
fce3df39cc253427e6ae74f2fc7bc9db2c0433024274915d80d602380d8e04a6,7051fa9c1b5e09d7905b7c6e2d996998107c0bc48c91bb0f859ebed0b000a97a,0c254329b5f49e169e0f2a3d1061f8faff1bdfa50a86be3b574d6e0d1f6eee14,timer,0,1,0,0,0,0,0,0,0,0,0,1,0,0,0,0,0,0,0,0,0,1,0,0,0,0,0,0,0,0,0,0,1,0,0,0,0,0,0,0,0,1,0,0,0,0,0,0,0,0,0,0,1,0,0,0,0,0,0,0,0,1,0,0,0,0,0,0,0,0,0,1,0,0,0,0,0,0,0,0,0,1,0,0,0,0,0,0,0,0,0,1,0,0,0,0,0,0,0,0,0,1,0,0,0,0,0,0,0,0,0,1,0,0,0,0,0,0,0,0,0,1,0,0,0,0,0,0,0,0,0,1,0,0,0,0,0,0,0,0,0,1,0,0,0,0,0,0,0,0
8930fabb127ef8b4ccf11b1a4c507c0d59e1b3bd8e957857c7acfa17ef0ae29a,95d92ab4c2b9f3a3e3d2af6caf50f387a7494225b66a305481bbae7783c5a237,25a50e023958bb43964a63e7751dc4fb71aaac583ca9d81cd3c4424677daa58f,http,0,0,0,0,0,0,0,0,0,0,0,0,0,0,0,0,0,0,0,0,0,0,0,0,0,0,0,0,0,0,0,0,0,0,0,0,1,0,0,0,0,0,0,0,0,0,0,0,1,0,0,0,0,0,0,0,1,0,1,0,0,0,0,0,0,0,0,0,0,0,0,0,0,0,0,0,0,0,0,0,0,0,0,0,0,0,0,0,0,0,0,0,0,0,0,0,0,0,0,0,0,0,0,0,0,0,0,0,0,0,0,0,0,0,0,0,0,0,0,0,0,0,0,0,0,0,0,0,0,0,0,0,0,0,0,0,0,0,0,1,0,0,0,0,0,2,0,0,0,0
d88a27df3d4c5813aed3679840123897591444d276e112e304f3c32fa91c74f1,2b9f408988d9c059ac1dc4d28805bf82c4ad2fd16e16692e305aa234447b2c3c,12a1c3ef1fc24b7ab3fca0c2418014f4c6d37dce507d595341fda219e32131e2,http,4,4,3,1,6,4,4,3,1,6,4,4,3,1,6,4,4,3,1,6,4,4,3,1,6,4,4,3,1,6,4,4,3,1,6,4,4,3,1,6,4,4,3,1,6,4,4,3,1,6,4,4,3,1,6,4,4,3,1,6,4,4,3,1,6,4,4,3,1,6,4,4,3,1,6,4,4,3,1,6,4,4,3,1,6,4,4,3,1,6,4,4,3,1,6,4,4,3,1,6,4,4,3,1,6,4,4,3,1,6,4,4,3,0,6,4,4,3,1,6,4,4,3,1,6,4,4,3,1,6,4,4,3,1,5,4,5,3,1,5,4,5,3,1,5,4,5,3,1,5
14a9dcab295ce83ab3ef0bc73cf1e6d3c1241007067bda7bafe64c3f6877baaa,36119464191480d8182c3431ca6d11688d6d72b50b6f72ec81d8f2ed9cdeb7c2,d2feb9b9d434e30df24e30888d819b1913a2871bfb28c9f9aedf7f142f336350,http,0,0,0,0,0,0,0,0,0,0,0,0,0,0,0,0,0,0,0,0,0,0,0,0,0,0,0,0,0,0,0,0,0,0,0,0,0,0,0,0,0,0,0,0,0,0,0,0,0,0,0,0,0,0,0,0,0,0,0,0,0,0,1,0,0,0,0,0,0,0,0,0,0,0,0,0,0,0,0,0,0,0,0,0,0,0,0,0,0,0,0,0,0,0,0,0,0,0,0,0,0,0,0,0,0,0,0,0,0,0,0,0,0,0,0,0,0,0,0,0,0,0,0,0,0,0,0,0,0,0,0,0,0,0,0,0,0,0,0,0,0,0,0,0,0,0,0,0,0,0
7be6312a3b51be10c30836b55b10d002b802fdd0ff9d24f3f0cd091bcb2bfefb,cafe38a11e549f987beb8e176709df0dd18f09f251c4b827753a5407fb44bd60,35ba03daff49aaa6e8f406df1c051ffb2c183e324371518f8b6aa5aa69d0c326,timer,0,1,0,0,0,0,1,0,0,0,0,1,0,0,0,0,1,0,0,0,0,1,0,0,0,0,1,0,0,0,0,1,0,0,0,0,1,0,0,0,0,1,0,0,0,0,1,0,0,0,0,1,0,0,0,0,1,0,0,0,0,1,0,0,0,0,1,0,0,0,0,1,0,0,0,0,1,0,0,0,0,1,0,0,0,0,1,0,0,0,0,1,0,0,0,0,1,0,0,0,0,1,0,0,0,0,1,0,0,0,0,1,0,0,0,0,1,0,0,0,0,1,0,0,0,0,1,0,0,0,0,1,0,0,0,0,1,0,0,0,0,1,0,0,0,0,1,0,0,0
fb1f1b302080177ff851ab2fc1d12f7a899599f2fbddfe49890fa0b0dc90b299,f35e7ff9ee1c9ec317394d4a50602b6a36f0f37bd58fbf53746f7c1e35d05ea0,36b83f9a28b9517542e44c9515f35019f6d7c26ed329c692c61c81768086fd5b,queue,0,0,0,0,0,0,0,0,0,0,0,0,0,0,0,0,2,0,0,0,0,0,0,0,0,0,0,0,0,0,0,3,0,0,0,0,0,0,0,0,0,0,0,0,0,0,0,0,0,0,0,0,0,0,0,0,0,0,0,0,0,3,0,0,0,0,0,0,0,0,0,0,0,0,0,0,1,0,0,0,0,0,0,0,0,0,0,0,0,0,0,0,0,0,0,0,0,0,0,0,0,0,0,0,0,0,3,0,0,0,0,0,0,0,0,0,0,0,0,0,0,0,0,0,0,0,0,0,0,0,0,0,0,0,0,0,0,0,0,0,0,0,0,0,0,0,0,0,0,0
d99120ef05535570d294a076308a835d47aeb8df68acf8ae2850f390c6c0723e,ccb3f3ab283b6a7e20f46222a6fed29ef0fc01a393549f3d40e2b7eab379541d,0b8bdf3e1dbd827032c944190a28c0632716deef7e827b5d3aa6ed0a232be7cf,timer,0,1,0,0,0,1,0,0,0,0,0,0,0,0,0,0,1,0,0,0,0,0,0,0,0,0,0,1,0,0,0,1,0,0,0,0,0,0,0,0,0,0,0,0,0,0,1,0,0,0,0,0,0,0,0,0,0,0,0,0,0,1,0,0,0,0,0,0,0,0,0,0,0,0,0,0,1,0,0,0,0,0,0,0,0,0,1,0,0,0,0,1,0,0,0,0,0,0,0,0,0,0,0,0,0,0,1,0,0,0,0,0,0,0,0,0,0,0,0,0,0,1,0,0,0,0,0,0,0,0,0,0,0,0,0,0,1,0,0,0,0,0,0,0,0,0,0,0,0,0
486e10ac87f2c7495ab672094483c49e935e6f7e19b2b9b7157be7f9f949244c,e54bd3dbaf445d709ddbf9c0f8543ad936040ea6173ca949a253a3010f153f81,0053345fed1d23792641471ee6c502540c5eb95831aca9b58b665161178b0187,queue,0,0,0,0,0,0,0,0,0,0,0,0,0,0,0,0,0,0,0,1,2,5,8,0,3,0,0,1,0,1,1,0,1,2,0,0,0,0,0,0,0,0,0,0,0,0,0,0,0,0,0,0,0,0,0,0,0,0,0,0,0,0,0,0,0,0,0,0,0,0,0,0,0,0,0,0,0,0,0,0,0,1,0,4,5,5,3,12,4,11,12,7,3,3,2,5,3,1,5,6,0,1,3,1,3,2,1,3,3,1,2,1,3,3,3,0,3,2,1,1,0,2,2,1,2,2,1,2,2,0,1,1,0,1,2,0,0,0,0,0,2,0,2,0,0,0,0,0,0,0
fbb5f367c581476a53a186c0b542d146073bed7a0d84567b10077bc3354a3cf0,ed41bf82dc3ad660ebde799fa9a845e193bd32584d895f5b5a76609211485c38,8e1c086aee554e25a173030d11cbcd0596d3a1ed498a156e1d3fbb6eade79d4b,timer,0,1,0,0,0,0,0,0,0,0,0,0,0,0,0,0,1,0,0,0,0,0,0,0,0,0,0,0,0,0,0,1,0,0,0,0,0,0,0,0,0,0,0,0,0,0,1,0,0,0,0,0,0,0,0,0,0,0,0,0,0,1,0,0,0,0,0,0,0,0,0,0,0,0,0,0,1,0,0,0,0,0,0,0,0,0,0,0,0,0,0,1,0,0,0,0,0,0,0,0,0,0,0,0,0,0,1,0,0,0,0,0,0,0,0,0,0,0,0,0,0,1,0,0,0,0,0,0,0,0,0,0,0,0,0,0,1,0,0,0,0,0,0,0,0,0,0,0,0,0
e333879ea4145125a9e4fd3e202af49410d8fe81983d637eefbc8d0b8d722171,858120e91da58c267679183c8c2b0b65b54839a36318304f594109485da05d73,3087576c57aaf083cab78f15461f8efce6607c2facd3e54f425072a3b2506708,timer,0,1,0,0,0,0,1,0,0,0,0,1,0,0,0,0,1,0,0,0,0,1,0,0,0,0,1,0,0,0,1,0,0,0,0,0,1,0,0,0,1,0,0,0,0,0,1,0,0,0,0,1,0,0,0,0,1,0,0,0,0,1,0,0,0,1,0,0,0,0,0,1,0,0,0,0,1,0,0,0,0,1,0,0,0,0,1,0,0,0,0,1,0,0,0,1,0,0,0,0,1,0,0,0,0,1,0,0,0,0,0,1,0,0,0,0,1,0,0,0,1,0,0,0,0,0,1,0,0,0,0,1,0,0,0,1,0,0,0,0,0,1,0,0,0,0,1,0,0,0
dd5124f14ac23dae0f5bb6df248a10e21d9f75f48324bfd8e0741e01ea46e665,f5d84bb8b479aa13b7cdb49a0bb70feaf68dd24707be0f1e47f840c92d0ec6c3,2de6d3e591b6af737178d1a63b3d96897b437bbafaf8dbc5bbfae18fd7ba10cf,queue,0,0,0,0,0,0,0,0,0,0,0,0,0,0,0,0,0,0,0,0,0,0,0,0,0,0,0,0,0,0,0,0,0,0,0,0,0,0,0,0,0,0,0,0,0,0,0,0,0,0,0,0,0,0,0,0,0,0,0,0,0,0,0,0,0,0,0,0,0,0,0,0,0,0,0,0,0,0,0,0,0,0,0,0,0,0,0,0,0,19,6,0,0,0,0,0,0,0,0,0,0,0,0,0,0,0,0,0,0,0,0,0,0,0,0,0,0,0,0,0,0,0,2,0,0,0,0,0,0,0,0,0,0,0,0,0,0,0,0,0,0,0,0,0,0,0,0,0,0,0
64c3698bab721c818864f417c56ade535c191b453d057331f269fa352afd6534,2304542af5156f9148d0582975bcbfbcc90bec8daff0793cb66f5e6b9a919d4b,e9eb4373a2862448d59fe3e5667cd85388a96d29281fc62633356544714847a5,timer,12,12,12,12,12,12,12,12,12,12,12,12,12,12,12,12,12,12,12,12,12,12,12,12,12,12,12,12,12,12,12,12,12,12,12,12,12,12,12,12,12,12,12,12,12,12,12,12,12,12,12,12,12,12,12,12,12,12,12,12,12,12,12,12,12,12,12,12,12,12,12,12,12,12,12,12,12,12,12,12,12,12,12,12,12,12,12,12,12,12,12,12,12,12,12,12,12,12,12,12,12,12,12,12,12,12,12,12,12,12,12,12,12,12,12,12,12,12,12,12,12,12,12,12,12,12,12,12,12,12,12,12,12,12,12,12,12,12,12,12,12,12,12,12,12,12,12,12,12,12
7843df5c6f1ae1711f6b2d36a5e485290df06b77904089975ac3af6822ffee72,b6663846d79851dabf28d52841926daa8cdd8f9f7ddef15992a65db8f8ffac2a,37852ddca9aa824d74780c770435d9149308f569ca5d01e85b46eef2d32495b3,http,0,2,0,0,0,0,0,0,0,0,0,0,0,0,0,0,0,0,0,0,0,0,0,0,0,0,0,0,0,0,0,0,0,0,0,0,0,0,0,0,0,0,0,0,0,0,0,0,0,0,0,0,0,0,0,0,0,0,0,0,0,0,0,0,0,0,0,0,0,0,0,0,0,0,0,0,0,0,0,0,0,0,0,0,0,0,0,0,0,0,0,0,0,0,0,0,0,0,0,0,0,0,0,0,0,0,0,0,0,0,0,0,0,0,0,0,0,0,0,0,0,0,0,0,0,0,0,0,0,0,0,0,0,0,0,0,0,0,0,0,0,0,0,0,0,0,0,0,0,0
13d0332049ec0acc582b5703892e1f9bb6715d46a9e3cdcac3dfed6b90446ec5,53e965d876a521ceb18b374c22e316f71f022a6ee0b989d85723397a91aa1d23,004adff1d5a426bd732cd134824c09d670ddc6a74bb77eb0aa438e5980d1b879,timer,0,1,0,0,0,0,0,0,0,0,0,0,0,0,0,0,0,0,0,0,0,0,0,0,0,0,0,0,0,0,0,0,0,0,0,0,0,0,0,0,0,0,0,0,0,0,0,0,0,0,0,0,0,0,0,0,0,0,0,0,0,0,0,0,0,0,0,0,0,0,0,0,0,0,0,0,0,0,0,0,0,0,0,0,0,0,0,0,0,0,0,0,0,0,0,0,0,0,0,0,0,0,0,0,0,0,0,0,0,0,0,0,0,0,0,0,0,0,0,0,0,0,0,0,0,0,0,0,0,0,0,0,0,0,0,0,0,0,0,0,0,0,0,0,0,0,0,0,0,0
dfd6812823e62bc0aaac00933fbb3cf4a00d1cb7bf152b5f60f66eab6d8e08eb,972d9fdf5ea5696374f818e0d91cd8071c5d0a6b60ab7787bc3c908057019ee4,c9792c23b194d195bb0c3931249d59eb4108ca2045f4a137f1907f0fb259de7f,timer,1,0,0,0,0,0,0,0,0,0,1,0,0,0,0,0,0,0,0,0,0,1,0,0,0,0,0,0,0,0,0,1,0,0,0,0,0,0,0,0,1,0,0,0,0,0,0,0,0,0,0,1,0,0,0,0,0,0,0,0,0,1,0,0,0,0,0,0,0,0,0,1,0,0,0,0,0,0,0,0,0,1,0,0,0,0,0,0,0,0,0,1,0,0,0,0,0,0,0,0,0,1,0,0,0,0,0,0,0,0,0,1,0,0,0,0,0,0,0,0,1,0,0,0,0,0,0,0,0,0,0,1,0,0,0,0,0,0,0,0,0,1,0,0,0,0,0,0,0,0
e66d525b0b03afec69f923e2a2e0c2bb6476d4d4ea29ab09dc45ddef51d06b31,11d8ead2e03f672be375efafcdca088433ca29b6e9ced39989cb8e71bfa2c974,eb919bc54f8f84ba295e3a5624517d1ebd3d6c85cdc69352f121834702e026d6,http,0,0,1,0,0,1,0,0,0,0,1,0,1,1,1,0,0,0,0,0,0,0,0,0,0,0,0,0,0,1,1,1,0,0,0,0,1,0,1,1,0,0,0,0,1,0,0,0,0,0,2,0,0,0,0,0,0,0,0,0,0,0,0,1,0,0,0,0,0,0,0,0,0,0,0,0,0,0,0,0,0,0,0,0,0,0,0,0,2,0,0,0,0,0,0,0,0,0,0,0,0,0,0,0,0,0,0,1,1,1,1,1,1,0,1,0,0,0,0,0,0,0,1,1,0,1,2,0,0,0,0,0,0,1,1,2,1,0,1,0,0,1,1,0,0,2,1,0,2,0
9edb01447605394005664fc11c299d95f608c4b5a9ee3077fff8aa2903bc8147,aaac1885a327e11e8314a9593a45cb7fd31005407135a37a99dc5a0e2e9e89ca,f5075844195b9181425b7e033558f92dcf70f712b99dc93b8cb55a6054c0fbd3,http,0,0,0,0,0,0,0,0,0,0,1,0,0,0,0,0,0,0,0,1,0,0,0,0,0,0,0,0,1,0,0,0,0,0,1,0,0,1,0,0,0,0,0,0,0,0,0,0,0,0,0,0,0,0,0,0,0,0,0,0,0,0,0,0,0,0,0,0,0,0,0,0,0,0,0,0,1,0,0,0,0,0,0,0,0,0,0,0,0,0,0,0,0,0,0,0,0,0,0,0,0,0,0,0,0,0,0,0,0,0,0,0,0,0,0,0,0,0,0,0,0,0,0,0,0,0,0,0,0,0,0,0,0,0,0,0,0,0,0,0,2,0,0,0,0,0,1,0,0,1
63f856567e34550991cb9d07371f247a281273fd157d2ddd8a9747324ce9d31d,f0366caaa4741d27f63481add889e216d9c3ef676ac78a1d5986abad1a106097,6e05b39b8e016ceece29700282222bc168621d15962902852864d2512222f8f1,queue,0,0,0,0,0,0,0,0,0,0,0,0,0,0,0,0,0,0,0,0,0,1,0,10,0,0,0,0,1,0,0,0,0,0,0,0,0,0,0,0,0,1,0,0,0,0,0,0,0,0,0,0,0,0,0,0,0,0,0,0,0,0,0,0,0,0,0,0,0,0,0,0,0,0,0,0,0,0,0,0,0,0,0,0,0,0,0,0,0,0,0,0,0,0,0,0,0,0,0,0,0,0,0,0,0,0,0,0,0,0,0,0,0,0,0,0,0,0,0,0,0,0,0,0,0,0,0,0,0,0,0,0,0,0,0,0,0,0,0,0,0,0,0,0,0,0,0,0,0,0
e59246fde5feca6a17b8cd1464f1c5ef5b61a7ad5fa263c826f4a10d707cd853,1df92986500c3aa5cd56dd785c9d1f366c6b38421b8b7ebc90ede7b565419af1,2cd56bd6dd2e9e6a3a6cfd48d3cf4b3c245dd36684e177a94354bb1ca710c809,http,0,5,6,4,2,4,5,6,2,0,6,1,2,2,0,0,3,0,2,0,2,5,0,0,2,2,3,2,4,0,0,1,0,0,2,0,1,0,0,0,0,1,2,0,2,2,1,0,0,0,0,1,0,0,0,0,1,0,0,0,0,1,2,2,2,4,1,2,0,0,4,3,4,6,10,4,3,0,0,2,0,1,0,0,2,2,5,0,0,0,0,1,0,0,2,2,1,4,0,4,6,3,2,2,2,0,3,4,0,4,2,1,2,0,2,2,3,0,0,4,2,1,0,0,2,4,5,0,0,4,4,9,2,2,0,0,3,2,0,0,2,1,0,2,0,0,3,2,0,2
e328b4c3abc0644d21080faeb5b120481e64ae0f80f6e9fa42f1f196ffc1c37c,d579480379457cec5e4dedbddf3eb1cf98e6230edf0f489ee438f01bbfc04899,4ffa3128497836c22a8a6bf21a61c74c9dcfb103108883972612cb5f513953b3,http,1,0,0,0,0,0,0,0,0,0,0,0,0,0,0,0,0,0,0,0,0,1,0,2,2,2,0,0,0,0,0,6,0,1,1,0,0,0,0,0,0,0,0,0,0,0,2,0,0,0,0,1,0,0,0,0,0,0,0,1,1,0,0,0,0,0,0,0,0,0,0,0,0,0,0,0,1,1,0,0,0,0,0,1,0,2,0,0,0,0,0,0,0,0,0,0,0,0,0,0,0,0,0,0,0,0,0,0,0,0,0,0,0,0,2,0,0,0,0,1,1,0,0,0,0,1,1,0,1,0,0,0,0,1,1,0,1,0,0,0,0,0,0,2,0,0,0,1,0,0
89099619345f8593ce2795c3e5842af7b82ddccdf66c50cc92d7bcc839e30898,042cf426467ff01ac89971424ab8d359ea443e28053efdbffed6ec8f3be50bad,b0646d7dcecb477ad5b29a993a26c243c83c3c2cbc0d69b3e9b7354c6a1a4032,orchestration,5,7,4,7,5,10,4,1,3,6,1,5,6,3,1,7,3,0,6,2,5,2,0,6,4,5,3,2,4,0,3,3,7,7,2,3,0,6,1,2,1,1,6,7,6,2,10,2,2,3,5,9,6,5,2,2,6,3,5,8,4,5,2,5,4,6,3,4,4,9,1,2,6,3,8,10,6,3,5,0,15,7,6,10,9,11,2,3,9,6,2,4,12,12,9,8,9,5,15,7,10,13,9,17,11,13,11,12,10,10,9,19,3,0,28,12,10,13,5,14,2,9,13,6,7,9,4,9,5,10,6,10,8,10,10,7,9,2,11,12,6,8,8,11,8,7,10,13,10,9
9600d8ea0d18856a6f1fa5672306ef55afac8b5e32e956579ab0f1a8c347bf4b,b58fc0a0f39c45c5f49fbb0239646598f5ebf2514eb4adc08c2ae02d362c22bf,37b5b44a20f118f26bafcfe8905236218dbb23c4c0dea3988b0122966dcdc2ef,timer,0,1,0,0,0,0,1,0,0,0,0,1,0,0,0,0,1,0,0,0,0,1,0,0,0,0,1,0,0,0,0,1,0,0,0,0,1,0,0,0,0,1,0,0,0,0,1,0,0,0,0,1,0,0,0,0,1,0,0,0,0,1,0,0,0,0,1,0,0,0,0,1,0,0,0,0,1,0,0,0,0,1,0,0,0,0,1,0,0,0,0,1,0,0,0,0,1,0,0,0,0,1,0,0,0,0,1,0,0,0,0,1,0,0,0,0,1,0,0,0,0,1,0,0,0,0,1,0,0,0,0,1,0,0,0,0,1,0,0,0,0,1,0,0,0,0,1,0,0,0
33d7e96586eb12287d27cd30e26ee0c73629e77ac73e154d79bbaa2d4a9a1a50,77a830ead83a03b937b8b84b7c5ecc14367f523dab198ce36b63f05bdd8d972d,64e7c2dd518a9f10bc79af473f8f0fe911f8a123a5739c189388b5c29ae89e0d,http,0,0,0,0,0,0,0,0,0,0,0,0,0,0,0,0,0,0,0,0,5,0,0,0,0,0,0,0,0,0,5,0,0,0,2,0,0,0,0,0,0,0,0,2,1,0,0,0,6,0,0,0,2,0,0,0,0,0,0,0,0,0,0,0,0,0,0,0,0,0,0,0,1,0,0,4,2,2,0,4,0,0,0,0,0,0,0,0,0,0,0,0,0,0,0,2,0,0,0,0,0,0,0,0,0,0,0,0,0,0,0,0,0,0,0,0,0,0,0,0,0,0,0,3,0,0,2,0,0,0,0,0,2,0,0,0,0,4,0,0,0,0,3,0,2,0,0,0,0,0
79ed09dc514b430b7a440f405147ce153c4fcd687e8107ea83eda40e4cd0d604,375444c8e9740af42002573e73ee3ba4963e43182bdace1156011f99adff1be3,b2b015b52e674b908b7f7333706efd5b9532a4ee853d95ce6e9b0bedb66c8d8f,http,1,1,1,1,1,1,1,1,1,1,1,1,1,1,1,1,1,1,1,1,1,1,1,1,1,1,1,1,1,1,1,1,1,1,1,1,1,1,1,1,1,1,1,1,1,1,1,1,1,1,1,1,1,1,1,1,1,1,1,1,1,1,1,1,1,1,1,1,1,1,1,1,1,1,1,1,1,1,1,1,1,1,1,1,1,1,1,1,1,1,1,1,1,1,1,1,1,1,1,1,1,1,1,1,1,1,1,1,1,1,1,1,1,1,1,1,1,1,1,0,1,1,1,1,1,1,1,1,1,1,1,1,1,1,1,1,1,1,1,1,1,1,1,1,1,1,1,1,1,1
3255dc71d02271f80871546e54244d8963f25c45000d50c12ab37bcde22bf13b,e9e104a448c11013b250fefdcf71f90f434ea837d31c92dbb39b59bc836e7842,09aec0fe39f84b7bc95f66961f96d71389af9584fab1d051093609cbb51c701f,http,0,0,0,0,0,0,0,0,1,0,0,0,0,0,0,0,0,0,0,0,0,0,0,0,0,0,0,0,0,0,0,0,0,0,0,0,0,0,0,0,0,0,0,0,0,0,0,0,0,0,0,0,0,0,0,0,0,0,0,0,0,0,0,0,0,0,0,0,0,0,0,1,0,0,0,0,0,0,0,0,0,1,0,0,0,0,0,0,0,0,0,0,0,0,0,1,0,0,0,0,0,0,0,0,0,0,0,0,0,0,0,0,0,0,0,0,0,0,0,0,0,0,0,0,0,0,0,0,0,0,0,0,0,0,0,0,0,0,0,0,0,0,0,0,0,0,0,0,0,0
8c221906a641b9edb97de8a063644d1dd14413d937ae6b335c6dc1f39afebe01,a276948d19284f11116c5c7b384d40a1f711e8a3842a6eae75e4957e2436be7b,6f4cfac06dcf33012ed7a81dd70f35507e348d6b1d337507385aef8c890e81ce,http,0,1,0,0,0,0,0,0,0,0,0,0,0,0,0,0,0,0,0,0,0,0,0,0,0,0,0,0,0,0,0,0,0,0,0,0,0,0,0,0,0,0,0,0,0,0,0,0,0,0,0,0,0,0,0,0,0,0,0,0,0,1,0,0,0,0,0,0,0,0,0,0,0,0,0,0,0,0,0,0,0,0,0,0,0,0,0,0,0,0,0,0,0,0,0,0,0,0,0,0,0,0,0,0,0,0,0,0,0,0,0,0,0,0,0,0,0,0,0,0,0,1,0,0,0,0,0,0,0,0,0,0,0,0,0,0,0,0,0,0,0,0,0,0,0,0,0,0,0,0
81d0305d84dd2d59ddff2598ecf943c11ecf5f20b4e00abab52bbae6ca7ef1bb,b60f461c94536df93a665a13f7fec98212fbcdcb84360212459568fcc7bf20d3,500cd5c22e9da3649b92a17c51e0ab62bcfcb5031bcba4173dc31341d3455264,http,0,0,0,0,0,0,0,0,0,0,0,0,0,0,0,0,0,0,0,0,0,0,0,0,0,0,0,0,0,0,0,0,0,0,0,0,0,0,0,0,0,0,0,0,0,0,0,0,0,0,1,0,1,2,0,0,0,0,0,0,0,0,0,0,0,0,0,0,0,0,0,0,0,0,0,0,0,0,0,0,0,0,0,0,0,0,0,0,0,0,0,0,0,0,0,0,0,0,0,0,0,0,0,0,0,0,0,0,1,0,0,0,0,0,0,0,0,0,0,0,0,0,0,0,0,0,0,0,0,0,0,0,0,0,0,0,0,0,0,0,0,0,0,0,0,0,0,0,0,0
c5d14581e638ce427c16c1730d6c8fc1f8d369e59db099fb6b0f8a12a8147a3b,0dbd715c9ffffdcb563c252f89069d7009460ced7bf55628444e040b1e9c5b22,d773f19574ab683a9e6f6439ffd4752ad28e3bbf6bded248cbc7cc900d8d91c5,queue,0,9,11,2,0,0,0,0,0,0,0,0,0,0,0,0,0,0,0,0,0,0,0,0,0,0,0,0,0,0,0,8,11,3,0,0,0,0,0,0,0,0,0,0,0,0,0,0,0,0,0,0,0,0,0,0,0,0,0,0,0,5,10,7,0,0,0,0,0,0,0,0,0,0,0,0,0,0,0,0,0,0,0,0,0,0,0,0,0,0,0,8,10,4,0,0,0,0,0,0,0,0,0,0,0,0,0,0,0,0,0,0,0,0,0,0,0,0,0,0,0,6,9,7,0,0,0,0,0,0,0,0,0,0,0,0,0,0,0,0,0,0,0,0,0,0,0,0,0,0
3a62305862a9f231027b456d2ea7900227c5f8ced24ffc2c3fc92b81543aa69c,194e3bf72857a2b190553b2e8848d352d2b861118544228409e3b734f95c334f,e37852a55deab5d50cb1f3b47f4446004cfe97b9d7a8e0f48f0c16412d23121f,timer,0,1,0,0,0,0,0,0,0,0,1,0,0,0,0,0,0,0,0,0,0,1,0,0,0,0,0,0,0,0,0,1,0,0,0,0,0,0,0,0,0,1,0,0,0,0,0,0,0,0,0,1,0,0,0,0,0,0,0,0,0,1,0,0,0,0,0,0,0,0,0,1,0,0,0,0,0,0,0,0,0,1,0,0,0,0,0,0,0,0,0,1,0,0,0,0,0,0,0,0,0,1,0,0,0,0,0,0,0,0,0,1,0,0,0,0,0,0,0,0,0,1,0,0,0,0,0,0,0,0,0,1,0,0,0,0,0,0,0,0,1,0,0,0,0,0,0,0,0,0
0673afdf2992d66e86e684bddf6f777b592ce24c836c8a15e7c3eb03971f5714,2f23804abb8cfd21294a2916c7ad3df0acb62b82036319100d49620fd34a00b8,c3772de8f56c5c29379ac1d671457f252a3cd0c99918bcb79bf1a94918aad6e6,event,175,172,194,208,203,210,189,192,177,208,197,198,203,202,178,203,194,196,203,189,209,198,200,203,194,202,194,206,183,210,210,190,205,202,209,197,197,206,203,198,201,172,199,200,188,187,184,189,175,191,189,192,205,205,207,206,199,204,205,194,207,199,208,206,208,181,186,200,206,209,206,192,195,206,183,204,190,208,207,208,211,193,194,204,191,183,182,208,195,202,200,181,201,201,178,191,195,202,191,204,202,188,170,150,179,175,176,178,163,159,171,147,139,194,196,191,202,193,200,194,190,208,209,201,202,207,195,197,208,210,204,203,204,209,210,209,203,200,209,197,173,177,200,193,192,209,180,203,201,197
03fdd2e5ca405f200002a9f1e487ee8edc4e72efee1fba2b4750d8d5186e60d2,62748773bfef739ca9e90db2ebd8647150a0d51aeef965b5a95286c26bec3650,e4bc503bbc6e6d8e5117610b7086706485f3234c0c82312548e1e2728d4e1a99,http,0,0,0,0,0,0,0,0,0,0,0,0,0,0,0,0,0,0,0,0,0,0,0,0,0,0,0,0,0,0,0,0,0,0,0,0,0,0,0,0,0,0,0,0,0,0,0,0,0,0,0,0,0,0,0,0,0,0,0,0,0,0,0,0,1,0,0,0,0,0,0,0,0,0,0,0,0,0,0,0,0,0,0,0,0,0,0,0,0,0,0,0,0,0,0,0,0,0,1,0,0,0,0,0,0,0,0,0,0,0,0,0,0,0,0,0,0,0,0,0,0,0,0,0,0,0,0,0,0,0,0,0,1,0,0,0,0,0,0,0,0,0,0,0,0,0,0,0,0,0
07a0c7ea035ae84d27bfbb3b9c462152b932f5743eda198551fe63cacd3703a1,b9c6af7b56b229d8c166f4416d00e0af73bc41764ed636b3f801b201a760a308,a133f06690c396609b1178854836ae8f34caa6ceb589ccffd1e956088f7dcd19,timer,1,1,1,1,1,1,1,1,1,1,1,1,1,1,1,1,1,1,1,1,1,1,1,1,1,1,1,1,1,1,1,1,1,1,1,1,1,1,1,1,1,1,1,1,1,1,1,1,1,1,1,1,1,1,1,1,1,1,1,1,1,1,1,1,1,1,1,1,1,1,1,1,1,1,1,1,1,1,1,1,1,1,1,1,1,1,1,1,1,1,1,1,1,1,1,1,1,1,1,1,1,1,1,1,1,1,1,1,1,1,1,1,1,1,1,1,1,1,1,1,1,1,1,1,1,1,1,1,1,1,1,1,1,1,1,1,1,1,1,1,1,1,1,1,1,1,1,1,1,1
77fa2040519aeb2b2cfa7e6eae744e74adafd96c5251ef7c17a7fa1380a3ce0b,575a36c082ab759971e7d7f2256da695c575f02475b99cc7de7ff3f027b6216f,0450677650c9c08b293309bc3781a2a4a2f04d0cdcd2ad3774b9b316d7de9956,timer,0,0,0,0,0,0,1,0,0,0,0,0,0,0,0,0,0,0,0,0,0,0,0,0,0,0,0,0,0,0,0,0,0,0,0,0,0,0,0,0,0,0,0,0,0,0,0,0,0,0,0,0,0,0,0,0,0,0,0,0,0,0,0,0,0,0,1,0,0,0,0,0,0,0,0,0,0,0,0,0,0,0,0,0,0,0,0,0,0,0,0,0,0,0,0,0,0,0,0,0,0,0,0,0,0,0,0,0,0,0,0,0,0,0,0,0,0,0,0,0,0,0,0,0,0,0,1,0,0,0,0,0,0,0,0,0,0,0,0,0,0,0,0,0,0,0,0,0,0,0
5b2f4f1690a206c72cec59e631fc7f24dbea7bb2674753569b1f05e8de0ea225,83aea594ed9c44d5190a6814c9642a481ada80737f5eb71a99dce33ee938d015,62be6df4b0a50a9ab8003979ad65d610b8c6973f81562174783e0ed31043340f,event,2,1,0,1,0,1,2,1,0,0,2,0,1,0,0,0,0,0,0,0,0,0,0,0,0,0,0,0,0,0,0,0,0,0,0,0,0,0,0,0,0,0,0,0,0,0,0,0,0,0,0,0,0,0,0,0,0,0,0,0,1,4,1,0,0,0,0,0,0,0,1,3,5,0,2,0,0,0,0,0,0,0,2,1,1,0,0,0,0,0,0,0,0,1,0,0,0,0,0,0,0,0,0,0,0,0,0,0,0,0,0,0,0,0,0,0,0,0,0,0,0,0,0,0,0,0,0,0,0,0,0,0,0,0,0,0,0,0,0,0,0,0,0,0,0,0,0,0,0,0
9d3fce5e33b12102be21de3632809e7d0c0f65d8acc4e2871c9a0fc4fd14d1d9,b7342482d73f26c1ff695884854492d6c64be226c133e503a1ad68bfec2e25f8,d4f06d6331862c6d02fb8ab6ceb1403abcbb0ac5435661f6de6b7b70e1905675,http,0,0,0,0,0,0,0,0,0,0,0,0,0,0,0,0,0,0,0,0,0,0,0,0,0,0,0,0,0,0,0,0,0,0,0,0,1,0,0,0,0,0,0,0,0,0,0,0,0,0,0,0,1,0,0,0,1,0,0,0,0,0,0,0,0,0,0,0,1,1,2,3,1,0,0,0,0,0,0,0,0,0,0,0,0,0,0,0,0,0,0,0,0,0,0,0,0,0,0,0,0,0,0,0,0,0,0,0,1,0,0,0,0,0,1,0,0,0,0,0,0,0,0,0,0,0,0,0,0,1,0,0,0,0,0,0,0,0,0,0,0,0,0,0,0,0,0,0,0,0
50b670a8cc291d9a1d02e94c4b7714e55091d36eea67f74db5b9c4e1d67cdbcc,0c806ba73c826034d2376e6fb730a1ee2be6e58039d6df8685005cf465850c15,5f4b2943436438e35942added19c1b3c79b436d3d2944365c48b0d9a1823e4f8,timer,12,12,12,12,12,12,12,12,12,12,12,12,12,12,12,12,12,12,12,12,12,12,12,12,12,12,12,12,12,12,12,12,12,12,12,12,12,12,12,12,12,12,12,12,12,12,12,12,12,12,12,12,12,12,12,12,12,12,12,12,12,12,12,12,12,12,12,12,12,12,12,12,12,12,12,12,12,12,12,12,12,12,12,12,12,12,12,12,12,12,12,12,12,12,12,12,12,12,12,12,12,12,12,12,12,12,12,12,12,12,12,12,12,12,12,12,12,12,12,12,12,12,12,12,12,12,12,12,12,12,12,12,12,12,12,12,12,12,12,12,12,12,12,12,12,12,12,12,12,12
c36f718c7130444ea56a6b1d68584a7de62b99e51e6a468edb6eae6364b01eb4,9c0157b7d8184c5738a4c715f6d05a9d5c025c693ed99526c4213d1c83dfd1b6,2db4e89bd5b387e1c0389d78266593db7298778be7ef9f2c9b8170c5c374cf36,http,0,0,0,0,0,0,0,0,0,0,0,0,0,0,0,0,0,0,0,0,0,0,0,0,0,0,0,0,0,0,0,0,0,0,0,0,0,0,0,0,0,0,0,0,0,0,0,0,0,0,0,0,0,0,0,0,0,0,0,0,0,0,0,0,0,0,0,0,0,0,0,0,0,0,0,0,0,0,0,0,0,0,0,2,2,2,0,0,0,0,0,0,0,0,0,0,0,0,0,0,0,0,0,0,0,0,0,0,0,0,0,0,0,0,0,0,0,0,0,0,0,0,0,0,0,0,0,0,0,0,0,0,0,0,0,0,0,0,0,0,0,0,0,0,0,0,0,0,0,0
0f5e1fb1f7f9eca79fad833cdd501fc3d21c01a113cd3d9dc2b3b468970aa864,c9f5c6850e40b74fe5097e420069b92185e13488436d2eba7d6211a8c01da5a8,a27a9929c5bcf9fd535415a4ba03eabab5bef7760ce2266978a34174536e3b06,http,0,0,0,1,0,0,0,0,1,0,0,0,0,1,0,0,0,0,1,0,0,0,0,1,0,0,0,0,1,0,0,0,0,1,0,0,0,0,1,0,0,0,0,1,0,0,0,0,1,0,0,0,0,1,0,0,0,0,1,0,0,0,0,1,0,0,0,0,1,0,0,0,0,1,0,0,0,0,1,0,0,0,0,1,0,0,0,0,1,0,0,0,0,1,0,0,0,0,1,0,0,0,0,1,0,0,0,0,1,0,0,0,0,1,0,0,0,0,1,0,0,0,0,1,0,0,0,0,1,0,0,0,0,1,0,0,0,0,1,0,0,0,0,1,0,0,0,0,1,0
fd8a2430aa1d1b6fb9e059ff6268eabf8bbd77e68a6d5f38195a67820149b0ab,ead6d007019eeb194a900e73572e536aa814dda08552efbda8157de6e35e0a8a,326b0a304c0dc43dce757408d9570c09d66167e73a4dd2c426ed9e13f585037c,http,0,2,0,0,0,0,2,0,0,0,0,2,0,0,0,0,2,0,0,0,0,2,0,0,0,0,2,0,0,0,0,2,0,0,0,0,2,0,0,0,0,2,0,0,0,0,2,0,0,0,0,2,0,0,0,0,2,0,0,0,0,2,0,0,0,0,2,0,0,0,0,2,0,0,0,0,2,0,0,0,0,2,0,0,0,0,2,0,0,0,0,2,0,0,0,0,2,0,0,0,0,2,0,0,0,0,2,0,0,0,0,2,0,0,0,0,2,0,0,0,0,2,0,0,0,0,2,0,0,0,0,2,0,0,0,0,2,0,0,0,0,2,0,0,0,0,2,0,0,0
64c3698bab721c818864f417c56ade535c191b453d057331f269fa352afd6534,901b2bddbf4792266dbe3d62c2f5e2ef4df6e959c1a72e6596695ff3d8f7bcaf,1244a5b94709cfaa2fa309de715e437f7d664a677037ba17785d65008786fdb6,timer,0,1,0,0,0,0,0,0,0,0,0,0,0,0,0,0,0,0,0,0,0,0,0,0,0,0,0,0,0,0,0,0,0,0,0,0,0,0,0,0,0,0,0,0,0,0,0,0,0,0,0,0,0,0,0,0,0,0,0,0,0,1,0,0,0,0,0,0,0,0,0,0,0,0,0,0,0,0,0,0,0,0,0,0,0,0,0,0,0,0,0,0,0,0,0,0,0,0,0,0,0,0,0,0,0,0,0,0,0,0,0,0,0,0,0,0,0,0,0,0,0,1,0,0,0,0,0,0,0,0,0,0,0,0,0,0,0,0,0,0,0,0,0,0,0,0,0,0,0,0
52ca2abb2c7d0464eb2029bf916e3690101405232e1182d4192dd6deb4190314,5c956aeddb49fa66f17f869b76250c5ff320ef0739598801e44ead10037bf24e,f669c9b3a576cf77cacf779c3f8c2bcaa58b5f14ccca0da64d18b6682ea9563c,queue,0,0,0,0,0,0,0,0,0,0,0,0,0,0,0,0,0,0,0,0,0,0,0,0,0,0,0,0,0,0,0,0,0,0,0,0,0,0,0,0,0,0,0,0,0,0,0,0,0,1,0,0,0,0,0,0,0,0,0,0,0,0,0,0,0,0,0,0,0,0,0,0,1,0,0,0,0,0,0,0,0,0,0,0,0,0,0,0,0,0,0,0,0,0,0,0,0,0,0,0,0,0,0,0,0,0,0,0,0,0,0,0,0,0,0,0,0,0,0,0,0,0,0,0,0,0,0,0,0,0,0,0,0,0,0,0,0,0,0,0,0,0,0,0,0,0,0,0,0,0
6c3d59649e35dbb123096085713161551af4fd6da6396ae73e9fb5da0c7d68db,215f4b669020102ca54d8a5d7f6bf45fd25bb2a90ce9dc6f37784518c5936e72,e4c9b86e49fc4881785f57664c7080bfe0cbf49fb876216af1214f227685cb15,timer,0,1,0,0,0,1,0,0,0,0,0,1,0,0,0,0,1,0,0,0,0,1,0,0,0,0,1,0,0,0,0,1,0,0,0,0,1,0,0,0,0,1,0,0,0,0,1,0,0,0,0,1,0,0,0,0,1,0,0,0,0,1,0,0,0,0,1,0,0,0,0,1,0,0,0,1,0,0,0,0,0,1,0,0,0,0,1,0,0,0,0,1,0,0,0,0,1,0,0,0,0,1,0,0,0,0,1,0,0,0,0,1,0,0,0,0,1,0,0,0,1,0,0,0,0,0,1,0,0,0,0,1,0,0,0,0,1,0,0,0,0,1,0,0,0,1,0,0,0,0
192eaa5911e846fb40a22c198b21c26337f07891fadb30c4bdb887f8228834df,0c16aeb910b0c58f5a1a37a8e0fde5d28d52d4e82161ec104592e5cfe47a0238,43519aa229c20e4c8983b9e25452eba7d98c9b554d65e591605fac376ad4ac7f,orchestration,0,0,0,0,0,0,0,0,0,0,0,0,0,0,0,0,0,0,0,0,0,0,0,0,0,0,0,0,0,0,0,0,0,0,0,0,0,0,0,0,0,0,0,0,0,0,0,0,0,0,0,0,0,0,0,0,0,0,0,0,0,0,2,0,0,0,0,0,0,0,0,0,0,0,0,0,0,0,0,0,0,0,0,0,0,0,0,0,0,0,0,0,0,0,0,0,0,0,0,0,0,0,0,0,0,0,0,0,0,0,0,0,0,0,0,0,0,0,0,0,0,0,0,0,0,0,0,0,0,0,0,0,0,0,0,0,0,0,0,0,0,0,0,0,0,0,0,0,0,0
3bec29ddb59cc365dd66e77905cd51860259f0869354a211ef926ba4bd5657ad,e15e094df4be18a679ceb8709d6956df47d15e3c6f0367b9277dff2d206cb55f,93190b9abf65bbff272b662c80c371a0b0b16131ebfc3bff667116d407612e98,timer,0,1,0,0,0,0,1,0,0,0,0,1,0,0,0,0,1,0,0,0,0,1,0,0,0,0,1,0,0,0,1,0,0,0,0,0,1,0,0,0,0,1,0,0,0,0,1,0,0,0,0,1,0,0,0,0,1,0,0,0,0,1,0,0,0,0,1,0,0,0,0,1,0,0,0,1,0,0,0,0,0,1,0,0,0,0,1,0,0,0,0,1,0,0,0,0,1,0,0,0,0,1,0,0,0,0,1,0,0,0,0,1,0,0,0,0,1,0,0,0,0,1,0,0,0,0,1,0,0,0,1,0,0,0,0,0,1,0,0,0,0,1,0,0,0,0,1,0,0,0
041a64c9b0d9c64fb5ed567c715a5b20508a52c5f9fbd2e17930b008c8e0e449,24ac3a9c4886e050dc6d7b97057890a682d31856bce52d1d799a9a36460780f6,a4cd330134a6d4973a5cbbd2ba5e77ddf52f31a920a853ee4ddd80ecf0c6edca,queue,0,10,0,0,0,0,0,0,0,0,0,10,0,0,0,0,0,0,0,0,0,10,0,0,0,0,0,0,0,0,0,10,0,0,0,0,0,0,0,0,0,10,0,0,0,0,0,0,0,0,0,10,0,0,0,0,0,0,0,0,0,12,0,0,0,0,0,0,0,0,0,12,0,0,0,0,0,0,0,0,0,12,0,0,0,0,0,0,0,0,0,12,0,0,0,0,0,0,0,0,0,12,0,0,0,0,0,0,0,0,0,12,0,0,0,0,0,0,0,0,0,14,0,0,0,0,0,0,0,0,0,14,0,0,0,0,0,0,0,0,0,14,0,0,0,0,0,0,0,0
b602a90cb8ff998be304c3b3c0d755ae638062ca83dc4fe237cda67a2a1899f0,3d7322c54ad4c156f573c247ae7addef21e87b588712204d439465358c03d3bf,6641a525ff49a5a47695d10f2347760569aac6a94b442ecd0b9527f9367d67b5,http,0,1,0,1,0,1,0,1,0,1,0,1,0,1,0,1,0,1,0,1,0,1,0,1,0,1,0,1,0,1,0,1,0,1,0,1,0,1,0,1,0,1,0,1,0,1,0,1,0,1,0,1,0,1,0,1,0,1,0,1,0,1,0,1,0,1,0,1,0,1,0,1,0,1,0,1,0,1,0,1,0,1,0,1,0,1,0,1,0,1,0,1,0,1,0,1,0,1,0,1,0,1,0,1,0,1,0,1,0,1,0,1,0,1,0,1,0,1,0,1,0,1,0,1,0,1,0,1,0,1,0,1,0,1,0,1,0,1,0,1,0,1,0,1,0,1,0,1,0,1
d454b3f65e91d057c015a0b84809798f20d0eb1c483a91000cf6dc58c986eaae,64b9ebea442262fe6bea364030dfb2454caf37b4552b9e9ccf8b5898afe24be3,44bbcdfe942fed4dc54036c7304fb8f5bba5e55cbe4367fa225e5bf66f02770d,timer,0,0,0,0,0,0,0,0,0,0,0,0,0,0,0,0,0,0,0,0,0,0,0,0,0,0,0,0,0,0,0,0,0,0,0,0,0,0,0,0,0,0,0,0,0,0,0,0,0,0,0,0,0,0,0,0,0,0,0,0,0,0,0,0,0,0,0,0,0,0,0,0,0,0,0,0,0,0,0,0,0,0,0,0,0,0,0,0,0,0,0,1,0,0,0,0,0,0,0,0,0,0,0,0,0,0,0,0,0,0,0,0,0,0,0,0,0,0,0,0,0,0,0,0,0,0,0,0,0,0,0,0,0,0,0,0,0,0,0,0,0,0,0,0,0,0,0,0,0,0
3f69e1e99f02a4e19307f6e4f46bfed5f800b29ad1ee11fa7ded3430fee0a464,a3bf753a5a6ce424997463849f1193c190465791b5a743699077325eb22c60e7,94ae0a6e7b2cde73115e0c2a9b27757dab603547921fa70d52e2b462e01370c7,http,0,0,0,0,0,0,0,0,0,0,0,0,0,0,0,0,0,0,0,0,0,0,0,0,0,0,0,0,0,0,0,0,0,0,0,0,0,0,0,0,0,0,0,0,0,0,0,0,0,0,0,0,0,0,0,0,0,0,0,0,0,0,0,2,2,0,0,3,5,2,4,5,1,0,0,0,0,0,0,0,2,4,3,1,0,0,0,0,0,0,0,0,0,0,0,2,4,7,6,5,5,3,4,4,0,0,1,4,4,5,5,1,3,5,2,0,0,4,6,7,10,3,0,0,0,0,0,0,0,0,0,0,0,0,0,0,0,0,3,5,2,0,0,0,0,0,0,0,0,0
486e10ac87f2c7495ab672094483c49e935e6f7e19b2b9b7157be7f9f949244c,eeaa2fc74a29fb5588ba72954028f41789d8ac5875641bce59d315dc0eaf2817,52f91262d9d7b330fb8c2a373f292a59b7647bdd95b80c525ffbfbb977ffdce3,timer,0,1,0,0,0,0,0,0,0,0,0,0,0,0,0,0,0,0,0,0,0,0,0,0,0,0,0,0,0,0,0,0,0,0,0,0,0,0,0,0,0,0,0,0,0,0,0,0,0,0,0,0,0,0,0,0,0,0,0,0,0,1,0,0,0,0,0,0,0,0,0,0,0,0,0,0,0,0,0,0,0,0,0,0,0,0,0,0,0,0,0,0,0,0,0,0,0,0,0,0,0,0,0,0,0,0,0,0,0,0,0,0,0,0,0,0,0,0,0,0,0,1,0,0,0,0,0,0,0,0,0,0,0,0,0,0,0,0,0,0,0,0,0,0,0,0,0,0,0,0
7af3bb5406d302f25079af17d1bbab50a16aaf2de266dbff34ef73bc2146b437,2379fdf6e0a2ae6f7fd0be0efea7e97cfb0c532ff66b6f1c2a49898cc37a13ec,b1352f3dd9fd95b9e7c0df9464a9e6378d11a3ba1770fcc176d5ec50945baed5,http,1,1,1,1,1,1,1,1,1,1,1,1,1,1,1,1,1,1,1,1,1,1,1,1,1,1,1,1,1,1,1,1,1,1,1,1,1,1,1,1,1,1,1,1,1,1,1,1,1,1,1,1,1,1,1,1,1,1,1,1,1,1,1,1,1,1,1,1,1,1,1,1,1,1,1,1,1,1,1,1,1,1,1,1,1,1,1,1,1,1,1,1,1,1,1,1,1,1,1,1,1,1,1,1,1,1,1,1,1,1,1,1,1,1,1,1,1,1,1,1,1,1,1,1,1,1,1,1,1,1,1,1,1,1,1,1,1,1,1,1,1,1,1,1,1,1,1,1,1,1
2ca23834b0737c13a3d3a9d9864a8033b1f544bf45fd35ceab9fb7dc5528fe1f,bc97bc28a9116d4442d9ce5a705749a9e8a7de2ef827766a2a33476f87dbbc97,3324ff9cca5395d4fda495056e3322571bf74ce20481e114d6cef5dd8ab95675,http,0,0,0,0,0,0,0,0,0,0,0,0,0,0,0,0,2,0,0,0,0,0,0,0,0,0,0,0,0,0,0,1,0,0,0,1,1,0,1,0,0,0,0,0,0,0,1,0,1,0,0,0,1,0,0,0,0,0,0,0,0,0,0,0,0,1,1,0,0,0,0,1,0,0,0,0,0,0,0,0,0,0,0,0,0,0,0,0,0,0,0,0,0,0,0,0,0,0,0,0,0,0,0,0,0,0,0,0,0,0,0,0,0,0,0,0,0,0,0,0,0,0,0,0,0,0,0,0,0,0,0,0,0,0,0,0,0,0,0,0,0,0,0,0,0,0,0,0,0,0
c989faa4acb691e73f62df743572ab783697398878fd6342a614bbe5db53366e,efa1941f1304f7a68c602fb2c563d83bfbc5fe5a4fa1c865e995bad5954e74b3,33308aa264005831d6de97cb6b2bddbb1cf8fc7ef0b6dccd1e06a3f9b88c6696,event,0,0,0,0,0,0,0,0,8,0,0,0,0,0,4,0,0,0,0,0,10,0,0,12,0,0,0,0,8,0,4,0,0,12,8,0,0,8,0,0,0,0,0,0,0,2,0,0,0,0,0,0,0,0,9,39,0,0,0,0,0,8,0,0,0,0,2,8,0,0,0,4,0,8,0,0,0,0,0,0,0,0,3,19,0,4,4,4,0,18,0,14,5,12,10,4,7,8,8,0,0,4,0,2,0,0,0,0,0,3,21,22,0,0,18,38,13,14,10,12,4,8,6,0,0,0,0,0,0,31,18,36,0,0,16,8,36,36,40,0,12,0,10,6,0,8,10,0,0,0
3ba1858467e872a28681f99450dc1b690152be6dc3bc0f86f29f6aa8f012e9c3,5509b8d12fa261b1fde950d385399bc6406dd2cae03ef5ac2f8cd93d6a844aa5,4f8ff34f6bbfee2e5bc2db98bf278384c894bfbbb2a729426b5219b1529ac095,timer,1,0,0,0,1,0,0,1,0,1,0,0,0,1,0,1,0,0,0,1,0,0,1,0,1,0,0,0,1,0,1,0,0,0,1,0,0,1,0,1,0,0,0,1,0,1,0,0,1,0,0,1,0,0,0,1,0,0,1,0,1,0,0,0,1,0,1,0,0,0,1,0,1,0,0,0,1,0,1,0,0,0,1,0,1,0,0,1,0,0,0,1,0,0,1,0,0,1,0,0,1,0,1,0,0,1,0,0,1,0,0,1,0,0,1,0,0,0,1,0,1,0,0,1,0,0,0,1,0,0,1,0,1,0,0,0,1,0,1,0,0,1,0,0,1,0,0,1,0,0
8fd53fe1aa335f31c8f41f014794badfdbd31def02b17adb839a589de00afb46,354d571e884eafea57384276d0174591acb418e2477122485980602571ebf9ba,d8d64b543c631aa63218d208cbacec84656a02e81598434c753dd55e68a5edb6,queue,1,0,0,0,1,1,1,1,2,0,2,0,2,6,1,0,2,1,2,1,2,3,0,1,1,0,1,2,1,0,2,1,2,8,1,2,0,4,0,0,2,1,1,1,0,2,0,0,1,0,0,0,0,0,1,0,0,0,4,0,1,0,1,1,2,0,2,2,0,0,0,0,0,0,0,0,0,0,5,0,0,2,0,2,2,0,1,1,0,0,0,0,0,0,5,1,1,0,0,0,0,0,0,0,2,1,1,0,0,0,0,0,0,0,2,1,0,0,0,0,0,0,4,0,0,0,0,0,0,0,0,0,1,0,0,0,0,0,0,0,0,0,1,0,0,0,0,0,0,0
fce3df39cc253427e6ae74f2fc7bc9db2c0433024274915d80d602380d8e04a6,7051fa9c1b5e09d7905b7c6e2d996998107c0bc48c91bb0f859ebed0b000a97a,c924118da1a6de0063acf9cf172b2325a65fe87e0466ddcb5f964edfaad4bfb8,timer,0,1,0,0,0,0,0,0,0,0,0,1,0,0,0,0,0,0,0,0,0,0,1,0,0,0,0,0,0,0,0,1,0,0,0,0,0,0,0,0,0,1,0,0,0,0,0,0,0,0,0,1,0,0,0,0,0,0,0,0,0,1,0,0,0,0,0,0,0,0,0,1,0,0,0,0,0,0,0,0,0,1,0,0,0,0,0,0,0,0,0,1,0,0,0,0,0,0,0,0,0,1,0,0,0,0,0,0,0,0,0,1,0,0,0,0,0,0,0,0,0,1,0,0,0,0,0,0,0,0,0,1,0,0,0,0,0,0,0,0,0,1,0,0,0,0,0,0,0,0
51e8b401023bec5609fabf67b7f3c24d4704a969fd073f40879635dab4bea90d,ea429ed7bbf3d7e5e1bed106f7488252759b8fa26f3110b560f7c1e94b37eeb9,9ee34f939f0ebc9e6d3b7cd4dc07814107c10d794a83f2abbe1229883b00e8cc,timer,0,1,0,0,0,0,1,0,0,0,0,1,0,0,0,0,1,0,0,0,0,1,0,0,0,0,1,0,0,0,0,1,0,0,0,0,1,0,0,0,0,1,0,0,0,0,1,0,0,0,0,1,0,0,0,0,1,0,0,0,0,1,0,0,0,0,1,0,0,0,0,1,0,0,0,0,1,0,0,0,0,1,0,0,0,0,1,0,0,0,0,1,0,0,0,0,1,0,0,0,0,1,0,0,0,0,1,0,0,0,0,1,0,0,0,0,1,0,0,0,0,1,0,0,0,0,1,0,0,0,0,1,0,0,0,0,1,0,0,0,0,1,0,0,0,0,1,0,0,0
1ddc9a1dca3d4d1d5ba287e7c7c7ddca87b4952cb702bb2d7df60bd64862ae38,f5d1d6d602e391bfc53624870fe383610dc1218894de1bcc2dbbebfbf0471449,b0da6cbb1131ab65cd3ef92b9b36d46a0d94217bfc09490db669b2dc35c0b655,timer,1,1,1,1,1,1,1,1,1,1,1,1,1,1,1,1,1,1,1,1,1,1,1,1,1,1,1,1,1,1,1,1,1,1,1,1,1,1,1,1,1,1,1,1,1,1,1,1,1,1,1,1,1,1,1,1,1,1,1,1,1,1,1,1,1,1,1,1,1,1,1,1,1,1,1,1,1,1,1,1,1,1,1,1,1,1,1,1,1,1,1,1,1,1,1,1,1,1,1,1,1,1,1,1,1,1,1,1,1,1,1,1,1,1,1,1,1,1,1,1,1,1,1,1,1,1,1,1,1,1,1,1,1,1,1,1,1,1,1,1,1,1,1,1,1,1,1,1,1,1
9d16a2a1e63be83b6f9cc6fcb213fde254b73ecd8cab79f0e124b7c98c663955,72241a73c5138c4977b80e4eb6c0a80f958ad56be86811cb7f2821a71bba22ba,74bca6855fdfe7ba85317ab6d8669c359cc862727fcbaf88416afd87ab85d220,timer,0,0,0,0,0,0,0,0,0,0,0,0,0,0,0,0,0,0,0,0,0,0,0,0,0,0,0,0,0,0,0,1,0,0,0,0,0,0,0,0,0,0,0,0,0,0,0,0,0,0,0,0,0,0,0,0,0,0,0,0,0,0,0,0,0,0,0,0,0,0,0,0,0,0,0,0,0,0,0,0,0,0,0,0,0,0,0,0,0,0,0,0,0,0,0,0,0,0,0,0,0,0,0,0,0,0,0,0,0,0,0,0,0,0,0,0,0,0,0,0,0,0,0,0,0,0,0,0,0,0,0,0,0,0,0,0,0,0,0,0,0,0,0,0,0,0,0,0,0,0
7acadb310f118ef21fec404097b3c6ab094cc949e922c7c12acc9f77b0ab22a0,d6c57e141ad0f564842c925b294ecaeee27cc45e9e40b751c49dbd6f08473aa7,3036a9d0dd2d44c4de43dce4c112d0e8ef9ddd449a16ad51d5fae474f0f1dd29,timer,1,1,1,1,1,1,1,1,1,1,1,1,1,1,1,1,1,1,1,1,1,1,1,1,1,1,1,1,1,1,1,1,1,1,1,1,1,1,1,1,1,1,1,1,1,1,1,1,1,1,1,1,1,1,1,1,1,1,1,1,1,1,1,1,1,1,1,1,1,1,1,1,1,1,1,1,1,1,1,1,1,1,1,1,1,1,1,1,1,1,1,1,1,1,1,1,1,1,1,1,1,1,1,1,1,1,1,1,1,1,1,1,1,1,1,1,1,1,1,1,1,1,1,1,1,1,1,1,1,1,1,1,1,1,1,1,1,1,1,1,1,1,1,1,1,1,1,1,1,1
c5860f9bacc085a1bb1e7176f33b6ecd7504c38174b58a7d9f836fe1dc8453ed,539e986c9ef3871b2b07cb1ae1b21a99bef9d16b8a428878bd8d3ac918370a66,8d105c38a35f2319844097d556b5ec897d1fe4e078533b480f71dc4977d31b5f,http,0,0,1,0,0,0,0,0,2,0,0,0,0,0,0,0,0,0,0,0,0,0,0,0,0,0,0,0,0,0,0,0,0,0,0,0,0,0,0,0,0,0,0,0,0,0,0,0,0,0,0,0,0,0,0,0,0,0,0,0,0,0,0,0,0,0,0,0,0,0,0,0,0,0,0,0,0,0,0,0,0,0,0,0,0,0,0,0,0,0,0,0,0,0,0,0,0,0,0,0,0,0,0,0,0,0,0,0,0,0,0,0,0,0,0,0,0,0,0,0,0,0,0,0,1,0,0,0,0,0,0,0,0,0,0,0,0,0,0,0,0,0,0,0,0,0,0,0,0,0
486e10ac87f2c7495ab672094483c49e935e6f7e19b2b9b7157be7f9f949244c,77519604621ffb62e20ca384c6d71467724901d535f56a50fbf2f7135f893802,7073b70c33dfc9e970a399680aee3a37f6c0a7c756ad49f0df3ba336bd93393f,http,0,0,0,0,0,0,0,0,0,0,0,0,0,0,0,0,0,0,0,0,0,0,0,0,1,0,0,0,0,0,0,0,0,0,0,0,0,0,0,0,0,0,0,0,0,0,0,0,0,0,0,0,0,0,0,0,0,0,0,0,0,0,0,0,0,0,0,0,0,0,0,0,0,0,0,0,0,0,0,0,0,0,0,0,0,0,0,0,0,0,0,0,0,0,0,0,0,0,0,0,0,0,0,0,0,0,1,0,0,0,0,0,0,0,0,0,0,0,0,0,0,0,0,0,0,0,0,0,0,0,0,0,0,0,0,0,0,1,0,0,0,0,0,0,0,0,0,0,0,0
fca2310ccf911080b19d6e90e80e63e4afdecb3ead06a09bbb3832558ec368f3,f3676eb37576dc5aeaacce9267aa0fc4360ec1e437cf2404a638c57dee55d89a,9ae854de13d40bb9082cfcc9cf9d5832431b5a532ec3d6f56a7705efaa58e8d9,timer,1,1,1,1,1,1,1,1,1,1,1,1,1,1,1,1,1,1,1,1,1,1,1,1,1,1,1,1,1,1,1,1,1,1,1,1,1,1,1,1,1,1,1,1,1,1,1,1,1,1,1,1,1,1,1,1,1,1,1,1,1,1,1,1,1,1,1,1,1,1,1,1,1,1,1,1,1,1,1,1,1,1,1,1,1,1,1,1,1,1,1,1,1,1,1,1,1,1,1,1,1,1,1,1,1,1,1,1,1,1,1,1,1,1,1,1,1,1,1,1,1,1,1,1,1,1,1,1,1,1,1,1,1,1,1,1,1,1,1,1,1,1,1,1,1,1,1,1,1,1
0d0f6a2a8f1f310aebf533686d82126ae9fa70081cf5a36ffdb51d096d2a7a65,7591c8980ddb3e5f265b6478ca96eea265673e98a6044561a6a2fa218aa7aaf5,252b44b045976b62ce87a929dcdc4df4f7d5c5fe4c0dc5b1f67e6cd37f581c82,http,0,0,0,0,0,0,0,0,0,0,0,0,0,3,2,0,0,0,0,0,0,0,0,0,0,0,0,0,3,2,0,0,0,0,0,0,0,0,0,0,0,0,0,3,2,0,0,0,0,0,0,0,0,0,0,0,0,0,4,1,0,0,0,0,0,0,0,0,0,0,0,0,0,3,2,0,0,0,0,0,0,0,0,0,0,0,0,0,3,2,0,0,0,0,0,0,0,0,0,0,0,0,0,3,2,0,0,0,0,0,0,0,0,0,0,0,0,0,3,2,0,0,0,0,0,0,0,0,0,0,0,0,0,3,2,0,0,0,0,0,0,0,0,0,0,0,0,0,3,2
d82104db40ba56790b85b79a898c77548193e1926a5077e4649cc4b3460f900c,bc211322d70f04197e28cb994396b3d1b0a751937bb221791c0b884225fc3710,6268bcf22f09e2664cb64ef18af160d3bbc9105550560d95ec3fdca31b1cd52f,timer,0,1,0,0,0,0,1,0,0,0,0,1,0,0,0,0,1,0,0,0,0,1,0,0,0,0,1,0,0,0,0,1,0,0,0,0,1,0,0,0,0,1,0,0,0,0,1,0,0,0,0,1,0,0,0,0,1,0,0,0,0,1,0,0,0,0,1,0,0,0,0,1,0,0,0,0,1,0,0,0,0,1,0,0,0,0,1,0,0,0,0,1,0,0,0,0,1,0,0,0,0,1,0,0,0,0,1,0,0,0,0,1,0,0,0,0,1,0,0,0,0,1,0,0,0,0,1,0,0,0,0,1,0,0,0,0,1,0,0,0,0,1,0,0,0,0,1,0,0,0
e7a45dfa4bd5dc243015b6b06ca0bdd78f1d41fcdb5cac3d4517f162e83c4377,a8f8115eb385d79d19b5273bc297e11f3ec8206d8d68a49e59e2a7b5fc7a5925,35db2bcce003a9cafa7198747aed531c485d658cfb55328d99f965f035f16d8c,timer,0,0,1,0,0,0,0,0,0,0,0,0,0,0,0,0,0,1,0,0,0,0,0,0,0,0,0,0,0,0,0,0,1,0,0,0,0,0,0,0,0,0,0,0,0,0,0,1,0,0,0,0,0,0,0,0,0,0,0,0,0,0,2,0,0,0,0,0,0,0,0,0,0,0,0,0,0,1,0,0,0,0,0,0,0,0,0,0,0,0,0,0,1,0,0,0,0,0,0,0,0,0,0,0,0,0,0,1,0,0,0,0,0,0,0,0,0,0,0,0,0,0,1,0,0,0,0,0,0,0,0,0,0,0,0,0,0,1,0,0,0,0,0,0,0,0,0,0,0,0
ce7c8e242f1fd2c39ac500a64fdd10633fed6ec0707cd527d91baa6ec6ef89b0,9bcdc09cd4f51e9a386fa6446a368075ab1d3826daeb74ee9df2f61d9206b422,cb4f5029590dca2f2b697e7d2ab363f221720b20180523c5e37fba2520d39ed6,timer,1,1,1,1,1,1,1,1,1,1,1,1,1,1,1,1,1,1,1,1,1,1,1,1,1,1,1,1,1,1,1,1,1,1,1,1,1,1,1,1,1,1,1,1,1,1,1,1,1,1,1,1,1,1,1,1,1,1,1,1,1,1,1,1,1,1,1,1,1,1,1,1,1,1,1,1,1,1,1,1,1,1,1,1,1,1,1,1,1,1,1,1,1,1,1,1,1,1,1,1,1,1,1,1,1,1,1,1,1,1,1,1,1,1,1,1,1,1,1,1,1,1,1,1,1,1,1,1,1,1,1,1,1,1,1,1,1,1,1,1,1,1,1,1,1,1,1,1,1,1
0c9829ac2082a564a19d0ef920cfd576aa050fd693a34c2bfb695f64a4816255,b6ee2c3328157033a45d6ec555d27485f6d34917829ea3845a75422bcaf5d973,7c56374fdc9052612ffcf0a8391ad64c96cd82394e9052b0b1035001ec0686d9,http,3,3,3,3,3,3,3,3,3,3,3,3,3,3,3,3,3,3,3,3,3,3,3,3,3,3,3,2,3,3,3,3,3,3,3,3,3,3,3,3,3,3,3,3,3,3,3,3,3,3,3,3,3,3,3,3,3,3,3,3,3,3,3,3,3,3,3,3,3,3,3,3,3,3,3,3,3,3,3,3,2,3,3,3,3,3,3,3,3,3,3,3,3,3,3,3,3,3,3,3,3,3,3,3,3,3,3,3,3,3,3,3,3,3,3,3,3,3,3,3,3,3,3,3,3,3,3,3,3,3,3,3,3,3,3,3,3,3,3,3,3,3,3,3,3,3,3,3,3,3
3632c7fafb208870293b96c1907dcfe22e826c821900ab3506eebceba9294d34,df55ac1881d6699c7328ee199189549050e78639def5d7904246363068eb0572,0cb7513da722d5670b6d1a64809fcc2b80bd92c0f4705f7aed0baaf025ec435c,timer,0,1,0,0,1,0,0,1,0,0,1,0,1,0,0,1,0,0,1,0,0,0,1,0,0,1,0,0,1,0,0,1,0,0,1,0,0,1,0,0,1,0,0,1,0,1,0,0,1,0,0,0,1,0,0,1,0,0,1,0,0,1,0,1,0,0,1,0,0,1,0,0,0,1,0,0,1,0,1,0,0,1,0,0,0,1,0,0,1,0,1,0,0,0,1,0,0,1,0,0,1,0,1,0,0,0,1,0,1,0,0,0,1,0,0,1,0,0,1,0,0,1,0,1,0,0,0,1,0,0,1,0,1,0,0,0,1,0,0,1,0,0,1,0,1,0,0,1,0,0
edfecd92a50a0675d4f74b6fd763848b70c3cbaf2287b454bc1da9ce8d855759,f641fb42baa41e13abc542a808f19a2c4109d6f8ff9877272824e62b9b9eb08e,a458ee86b9c4d6abafbe0f267b89b51e15cf32c581b8a846c06035dfbac57b05,timer,61,55,56,52,60,60,57,60,59,50,60,59,60,58,53,59,57,54,60,59,58,60,50,58,58,56,58,56,58,59,61,58,60,55,56,60,59,57,60,60,60,59,59,59,50,61,59,59,61,58,60,55,43,59,60,57,61,56,58,60,60,60,60,59,54,53,59,60,56,60,60,60,55,55,57,51,57,59,48,59,54,60,58,52,59,60,60,60,58,55,58,60,54,60,60,56,57,58,59,60,61,57,54,60,60,55,57,57,61,58,60,60,60,60,60,58,59,59,60,61,57,60,53,56,60,59,60,60,58,57,59,58,59,61,59,58,60,57,59,59,59,56,59,60,59,61,59,58,58,55
97078d644a054e47f093b8488b3698c4c79b64c48c336b76bb1099c941b32443,179ad3ca50a92d17d38b9650a569a9d7c7aaf5f9b1334ca971339dc0ed5e0b7e,807066495d58866a7fd11f8286e4cd71f5ad93c35380b6612c48dfb560175901,timer,0,1,0,0,0,0,1,0,0,0,0,1,0,0,0,0,1,0,0,0,0,1,0,0,0,0,1,0,0,0,0,1,0,0,0,0,1,0,0,0,0,1,0,0,0,0,1,0,0,0,0,1,0,0,0,0,1,0,0,0,0,1,0,0,0,0,1,0,0,0,0,1,0,0,0,0,1,0,0,0,0,1,0,0,0,0,1,0,0,0,0,1,0,0,0,0,1,0,0,0,0,1,0,0,0,0,1,0,0,0,0,1,0,0,0,0,1,0,0,0,0,1,0,0,0,0,1,0,0,0,0,1,0,0,0,0,1,0,0,0,0,1,0,0,0,0,1,0,0,0
46319ce4ca93214fad507c76bf52f84a84784d6742c8cbb23290b9f495d24894,1aed6a5aa397da392fd0f73a30060ddaffdf548a890b73e666c81a11d2588aa6,5c55699c78e268dda8ac46c2ae1f79b90d5e294c1daa6fceb164bc920405f428,timer,0,0,1,0,0,0,0,0,0,0,0,0,1,0,0,0,0,0,0,0,0,1,0,0,0,0,0,0,0,0,0,1,0,0,0,0,0,0,0,0,0,0,1,0,0,0,0,0,0,0,0,0,1,0,0,0,0,0,0,0,0,0,1,0,0,0,0,0,0,0,0,1,0,0,0,0,0,0,0,0,0,0,1,0,0,0,0,0,0,0,0,1,0,0,0,0,0,0,0,0,0,0,1,0,0,0,0,0,0,0,0,1,0,0,0,0,0,0,0,0,0,0,1,0,0,0,0,0,0,0,0,0,1,0,0,0,0,0,0,0,0,0,1,0,0,0,0,0,0,0
d27faf5a98d40a6ba2ff08c0063b11ef34993c5f29d2f8d69647d043c3b4b26f,5d09e27dfc4fb33e20bb4a01737ed8148314936daf691d3574e528dffdba797e,4cd72352e1dce1401011a52a6df4bcab4d3d3f6bfed28f7bddff264335575e01,http,0,0,0,0,1,0,0,0,0,0,0,0,0,0,0,0,0,0,0,0,0,0,0,0,0,0,0,0,0,0,0,0,0,0,0,0,0,0,0,0,0,0,0,0,0,0,0,0,0,0,0,0,0,0,0,0,0,0,0,0,0,0,0,0,1,0,0,0,0,0,0,0,0,0,0,0,0,0,0,0,0,0,0,0,0,0,0,0,0,0,0,0,0,0,0,0,0,0,0,0,0,0,0,0,0,0,0,0,0,0,0,0,0,0,0,0,0,0,0,0,0,0,0,0,1,0,0,0,0,0,0,0,0,0,0,0,0,0,0,0,0,0,0,0,0,0,0,0,0,0
5cf19106078f816d8e8875d739bd3d5c26e4bccd06af184041d812c30e17428a,b649fea02a45097300e43ff5c684a66467d9e94d075ace6144b56b514ff8b79f,15a2aa6de34b915ee68c89ea919a97b2871726ab3e6c0e19163e54ff8f80e320,http,0,0,0,0,0,0,0,0,0,0,0,0,1,0,0,0,0,0,0,0,0,0,0,0,0,0,0,0,0,0,0,0,0,0,0,0,0,0,0,0,0,0,0,0,0,0,0,0,0,0,0,0,0,0,0,0,0,0,0,0,0,0,0,0,0,0,0,0,0,0,0,0,0,0,0,0,0,0,0,0,0,0,0,0,0,0,0,0,0,0,0,0,0,0,0,0,0,0,0,0,0,0,0,0,0,0,0,0,0,0,0,0,0,0,0,0,0,0,0,0,0,0,0,0,0,0,0,0,0,0,0,0,0,0,0,0,0,0,0,0,0,0,0,0,0,0,0,0,0,0
daeb9b63077ad2997d47bd4b9a2714135f78a6cfb073b77116558f2f158f3de5,50a8d8fb3b384f3c779827b248953327b4a3544be17f13b8e5f08315980cbb5c,a212c0e8a76ca348407a0b49114c6804067e811cbd6637df5d894429f363df9e,timer,0,0,0,0,0,0,0,0,0,0,1,0,0,0,0,0,0,0,0,0,0,0,0,0,0,0,0,0,0,0,0,0,0,0,0,0,0,0,0,0,1,0,0,0,0,0,0,0,0,0,0,0,0,0,0,0,0,0,0,0,0,0,0,0,0,0,0,0,0,0,1,0,0,0,0,0,0,0,0,0,0,0,0,0,0,0,0,0,0,0,0,0,0,0,0,0,0,0,0,0,1,0,0,0,0,0,0,0,0,0,0,0,0,0,0,0,0,0,0,0,0,0,0,0,0,0,0,0,0,0,1,0,0,0,0,0,0,0,0,0,0,0,0,0,0,0,0,0,0,0
f92425b09ca258ceb7b6fa1698242eb2bfb06227494ea98bef83ad4e33ee0201,0d255b3bbb644c12363e9ed270f79c6fbff87f3b5c5d38f4f04e07f6282d0b1a,e52647e6ac60a627a80ccfd15f2d222535dfc8ecb3c70c3ce8ca7f222c662cbc,orchestration,0,0,0,0,0,0,0,0,0,0,0,0,0,0,0,0,0,0,0,0,0,0,0,0,0,0,0,0,0,0,0,0,0,0,0,0,0,0,0,0,0,0,0,0,0,0,0,0,0,0,0,0,0,0,0,0,0,0,0,0,0,0,0,0,0,0,0,0,0,0,0,0,0,0,0,0,0,0,0,0,0,0,0,0,0,0,0,0,0,0,0,0,0,0,0,0,0,3,0,0,0,0,0,0,0,0,0,0,0,0,0,0,0,0,0,0,0,0,0,0,0,0,0,0,0,0,0,0,0,0,0,0,0,0,0,0,0,0,0,0,0,0,0,0,0,0,0,0,0,0
2934b89aab55befcd2cd21fc5f42bef4f12821b7330ce929f1a41c8c579e01c9,ac37373632ce76b46d00ee0830cabb3a3d843a8ff1cccd100667b4b6ec0c92a9,bf138c0b0b097475e88a2173305e750954062c0b208be798c6d805c357a70f4f,timer,0,1,0,0,0,0,0,0,0,0,0,1,0,0,0,0,0,0,0,0,0,1,0,0,0,0,0,0,0,0,0,1,0,0,0,0,0,0,0,0,0,1,0,0,0,0,0,0,0,0,0,1,0,0,0,0,0,0,0,0,0,1,0,0,0,0,0,0,0,0,0,1,0,0,0,0,0,0,0,0,0,1,0,0,0,0,0,0,0,0,0,1,0,0,0,0,0,0,0,0,0,1,0,0,0,0,0,0,0,0,0,1,0,0,0,0,0,0,0,0,0,1,0,0,0,0,0,0,0,0,0,1,0,0,0,0,0,0,0,0,0,1,0,0,0,0,0,0,0,0
d906c244adc52b6fcb91495f0edf4841d67e0e257c90f4b140e5dc883644c097,d0c0307ce95c64bc5bc716aca3be6d75362001f49340eeae14c16eb17d0df249,a6b82195c5ff2c9ba59953c48ffe25d9ec092fb4874e0c3b23db18cc53c281d5,http,8,8,8,8,8,8,8,8,8,8,8,8,8,8,8,8,7,9,8,8,8,8,8,8,8,8,8,8,8,8,8,8,8,8,8,8,8,8,8,8,8,8,9,8,7,7,8,8,8,8,8,8,8,8,8,8,8,8,8,8,8,8,8,8,8,8,8,8,8,8,8,8,8,8,8,8,8,8,8,8,8,8,8,8,8,8,8,8,8,8,8,8,8,8,8,8,8,8,7,9,8,8,8,8,8,8,8,8,8,8,8,8,8,8,8,8,8,8,7,9,8,8,8,8,8,8,8,8,8,8,8,8,8,8,8,8,8,8,8,8,8,8,8,8,8,8,8,8,8,8
34c5cc8683a91d1cd72a1bab556558c8ae6c57e062c292b056830635d1aaacc3,5bd1288b9decde9dfa7f690dd60d7ed5388490efed3d42139a05f3b2ab7482f4,8a18966bc8eb1667e9b5e730def06571b828364b27f84fb38124677d38833b34,timer,0,1,0,0,0,0,0,0,0,0,0,0,0,0,0,0,0,0,0,0,0,0,0,0,0,0,0,0,0,0,0,0,0,0,0,0,0,0,0,0,0,0,0,0,0,0,0,0,0,0,0,0,0,0,0,0,0,0,0,0,0,1,0,0,0,0,0,0,0,0,0,0,0,0,0,0,0,0,0,0,0,0,0,0,0,0,0,0,0,0,0,0,0,0,0,0,0,0,0,0,0,0,0,0,0,0,0,0,0,0,0,0,0,0,0,0,0,0,0,0,0,1,0,0,0,0,0,0,0,0,0,0,0,0,0,0,0,0,0,0,0,0,0,0,0,0,0,0,0,0
0b838512c0111cc3b046eb7b52a4a39fe282624c90c90c7f1ec496d47acbd203,b211df00dc450319b33e72261f3f8c5f432b5fc8ee68ee6291cdfcc8211c6365,f166b8a1edb7dcc32c209b2d15372bbff634dd741ab15ab97106acd8c72a12c2,http,0,0,0,0,0,0,0,0,0,0,0,0,0,0,0,0,0,0,0,0,0,0,0,0,0,0,0,0,0,0,0,0,0,0,0,0,0,0,0,0,0,0,0,0,0,0,0,0,0,0,0,0,0,0,0,0,0,0,0,0,0,0,0,0,0,0,0,0,0,0,0,0,0,0,0,0,0,0,0,0,0,0,0,0,0,0,1,0,0,0,0,0,0,0,0,0,0,0,0,0,0,0,0,0,0,1,0,0,0,0,0,0,0,0,0,0,0,0,0,0,0,0,0,0,0,0,0,0,0,0,0,0,0,0,0,0,0,0,0,0,0,0,0,0,0,0,0,0,0,0
820199652539a5544782c976b3bb919b16daed14e0e25fe1adfd7a534ffe81ac,1a29a2035e8a4cb1a23c2042d1beb863d0cfe92d87201149c479ce5c44a04a27,bdb916ec0cc5fd7408fd775a54ce630d55b75ab5903a4070306a86ca768fc515,http,0,0,0,0,0,0,0,1,0,4,0,0,0,0,0,0,0,0,0,0,0,0,0,0,0,0,0,0,0,0,0,0,0,0,0,1,0,1,0,1,2,2,1,0,0,0,0,0,0,0,0,0,0,0,1,0,0,1,1,0,0,0,0,0,0,0,0,0,0,0,0,0,1,2,1,0,0,0,0,1,0,0,0,0,0,0,0,0,0,0,0,0,0,0,0,0,0,0,0,1,0,0,0,0,0,1,1,0,0,0,0,0,0,0,0,0,0,1,2,1,1,1,1,0,0,0,0,0,0,1,0,0,0,0,0,0,1,1,2,1,0,1,1,0,0,0,0,0,0,0
7770498d108bbd395ef78d7b015138646a4d2360189017bb2005b57ddc8aa49e,57306ea8918aad5423bd2f6891b7899294f6b04baa2ce3afbf1459f84a91b15a,2439e79ea1cbf793d2004e6f9f03e057fc31a56d83cf45cf732460daee41ddf1,http,0,0,0,0,0,0,0,0,0,0,0,0,0,0,0,0,0,0,0,0,0,0,0,0,0,0,0,0,0,0,0,0,0,0,0,0,0,0,0,0,0,0,0,0,0,0,0,0,0,0,0,0,0,0,0,0,0,0,0,0,0,0,0,0,0,0,0,1,0,0,0,0,0,0,0,0,0,0,0,0,0,0,0,0,0,0,0,0,0,0,0,0,0,0,0,0,0,0,0,0,0,0,0,0,1,0,0,0,0,0,0,0,0,0,0,0,0,1,0,0,0,0,0,0,0,0,0,0,0,0,0,0,0,0,0,0,0,0,0,0,0,0,0,0,0,0,0,0,0,0
30422a46bef1badfbf433ec88f7b93b6c0b4468ed03a646c342bcaed867d6034,bdf65506ab689c4d81ff909c6a021d77163b0e616fa4cefc8b61443827dfb443,c1343fb5b3b7294034c8170c1717f0c22c6e6f858d00055db8f15ade216ddcab,timer,0,1,0,0,0,0,0,0,0,0,0,0,0,0,0,0,0,0,0,0,0,0,0,0,0,0,0,0,0,0,0,0,0,0,0,0,0,0,0,0,0,0,0,0,0,0,0,0,0,0,0,0,0,0,0,0,0,0,0,0,0,0,0,0,0,0,0,0,0,0,0,0,0,0,0,0,0,0,0,0,0,0,0,0,0,0,0,0,0,0,0,0,0,0,0,0,0,0,0,0,0,0,0,0,0,0,0,0,0,0,0,0,0,0,0,0,0,0,0,0,0,0,0,0,0,0,0,0,0,0,0,0,0,0,0,0,0,0,0,0,0,0,0,0,0,0,0,0,0,0
