timestamp,function,cpu
0,0,0.31700000000000006
1,0,0.9787107840768436
2,0,0.3902892159231528
3,0,0.4072835831514543
4,0,0.9163081208197088
5,0,0.34222675644803946
6,0,1.7332919515869891
7,0,1.1700000000000061
8,0,1.6029999999999927
9,0,1.577300886695724
10,0,1.51121492331772
11,0,3.151023711881747
12,0,0.8153500660985937
13,0,0.47952047770258055
14,0,1.5038095428766738
15,0,2.3926571207266676
16,0,1.52001285869407
17,0,0.13896809159905388
18,0,0.2300319084009672
19,0,0.813000000000013
20,0,0.8447281634847599
21,0,1.9492661350680187
22,0,2.174415385717939
23,0,2.3060000000000187
24,0,2.159391201742345
25,0,0.9291991139870284
26,0,0.572332734401602
27,0,0.46659681272370435
28,0,0.7530704528747272
29,0,0.4170000000000229
30,0,1.0861548219396298
31,0,2.2925332178807665
32,0,2.8375402689001135
33,0,1.4672224143203536
34,0,1.2405492769590722
35,0,0.9430994511419755
36,0,0.9652812243279527
37,0,0.9753246868116676
38,0,1.2322946377183115
39,0,0.25399999999997647
40,0,0.10999999999997101
41,0,0.5518652190393283
42,0,1.0571347809605953
43,0,0.5779999999999674
44,0,1.048695452551648
45,0,0.4312962964807099
46,0,0.9944328922936378
47,0,1.7473783920132746
48,0,2.0056216079866616
49,0,0.9826641854941371
50,0,1.1357964699066017
51,0,1.7929534116317782
52,0,0.597470885929063
53,0,1.0506904057121886
54,0,0.8967635174170496
55,0,0.7985245812887385
56,0,1.715711901294135
57,0,1.105193985754056
58,0,2.014439232597333
59,0,2.3524560205266596
60,0,1.5259107611218354
61,0,0.6824369468116203
62,0,0.8815630531883158
63,0,1.474912245260846
64,0,1.8200000000000642
65,0,1.8670000000000613
66,0,0.7077446690132376
67,0,0.7113430857260141
68,0,0.682000000000059
69,0,1.5450066125904698
70,0,1.833373667202622
71,0,2.3051024437006618
72,0,0.7732812713005899
73,0,0.62277321862328
74,0,0.5344627865827221
75,0,0.48095380995921744
76,0,1.1691201208626438
77,0,1.6700000000000585
78,0,1.6639260691783022
79,0,0.3900225986708392
80,0,0.771977401329309
81,0,0.8957719650114342
82,0,0.6222258900432251
83,0,1.5000000000000568
84,0,2.2234759846886334
85,0,1.9905196415482749
86,0,0.6586532012705675
87,0,1.0673533174382897
88,0,1.038762612993608
89,0,0.5162373870065551
90,0,0.8443155378289617
91,0,0.8081244736256394
92,0,1.182622554325377
93,0,2.451046571480731
94,0,0.9140174763274729
95,0,1.0517333143793621
96,0,1.0821400720329564
97,0,1.4782237272991239
98,0,0.6963905546996045
99,0,0.9603857180014472
100,0,1.09500000000007
101,0,0.8904721302650387
102,0,0.835210706420284
103,0,0.4793171633148319
104,0,0.3650000000000517
105,0,0.36862326466457773
106,0,0.7425531482234362
107,0,1.2043054380563092
108,0,1.3348158644093076
109,0,0.6627022846466701
110,0,0.3564485021230155
111,0,0.8028670750257305
112,0,1.798337988009962
113,0,0.9193464348414864
114,0,1.0800000000000551
115,0,0.25207307139646673
116,0,0.7392309501394863
117,0,1.6714592535427784
118,0,0.8672367249215682
119,0,0.8328320032051124
120,0,0.6141471326292134
121,0,1.748691662161221
122,0,1.2690000000000765
123,0,1.4742206770363566
124,0,2.3187458099914267
125,0,0.5233627149770257
126,0,0.9750000000000796
127,0,0.6692503690698288
128,0,0.7877496309302785
129,0,1.6961009319666118
130,0,1.8292771429428285
131,0,2.1280013392731405
132,0,0.6416205858177193
133,0,0.8488503376632366
134,0,2.2590023249245235
135,0,2.1017996904827214
136,0,0.8163476469296711
137,0,1.1680000000000632
138,0,0.6350000000000762
139,0,1.2676014507472075
140,0,0.5474286338039462
141,0,0.7616402133858173
142,0,2.4175129103398376
143,0,1.7590201582116265
144,0,1.0954180159527311
145,0,0.8373786175593239
146,0,0.6060000000000798
147,0,0.5163721405545232
148,0,0.28462785944563507
149,0,0.4740000000000748
150,0,1.2215321103955148
151,0,1.0224678896045702
152,0,0.30116373730226087
153,0,1.1016274989696342
154,0,0.30820876372820294
155,0,1.0740593795709685
156,0,1.9130000000000393
157,0,2.1980000000000643
158,0,1.499000000000052
159,0,2.468752837940997
160,0,2.3356037062884525
161,0,2.3201473743803547
162,0,0.6584367018195394
163,0,1.1150000000000944
164,0,0.014000000000066848
165,0,0.17500008624938346
166,0,0.8850227210742503
167,0,0.28397719267661614
168,0,1.3747936935365885
169,0,1.902590059254976
170,0,2.0816565255668706
171,0,1.426119220359226
172,0,0.049840501282602645
173,0,0.4213582229203041
174,0,0.5286417770798266
175,0,1.1970000000000596
176,0,0.8180000000000689
177,0,0.9863348366861828
178,0,1.8345435053668098
179,0,2.362891475240559
180,0,2.0919990802289874
181,0,2.285977115550395
182,0,1.0492539869274538
183,0,0.19702951967121862
184,0,1.3316648522121
185,0,2.0599453719683822
186,0,1.8669126662060762
187,0,2.0591806578116234
188,0,0.3932669321309561
189,0,1.5876122256628662
190,0,1.9850000000000705
191,0,1.7875254950085662
192,0,2.6454914742048175
193,0,1.6040592517473158
194,0,3.0969564241361525
195,0,1.4943551292406596
196,0,0.4482443805246987
197,0,0.5412467238297438
198,0,1.0463484787344157
199,0,0.7961604169113912
200,0,0.3860000000000525
201,0,1.1930000000000973
202,0,0.33300000000002683
203,0,0.6646297015196581
204,0,0.9523702984804459
205,0,1.0030000000000712
206,0,0.9200000000000728
207,0,0.3000000000000682
208,0,1.2460000000000662
209,0,0.7593029947800858
210,0,0.8001292275508263
211,0,0.8735677776692512
212,0,0.8860000000000241
213,0,1.0920000000000698
214,0,0.610323969200067
215,0,0.43067603080001504
216,0,0.4694311854022999
217,0,1.3404531227845382
218,0,1.4651156918133381
219,0,0.12200000000007094
220,0,0.3640949801616955
221,0,2.1626260789043386
222,0,2.107278940934208
223,0,1.0891832336535003
224,0,0.5927612217661533
225,0,1.0756842436833836
226,0,0.437256769710217
227,0,1.1045130809123975
228,0,0.4833980070893631
229,0,0.8390537103327915
230,0,0.6937114674538236
231,0,0.28643826539894235
232,0,0.7630000000000621
233,0,0.8631417692758419
234,0,0.33485823072430776
235,0,0.5690000000000737
236,0,0.4844419436602152
237,0,0.40255805633992736
238,0,1.2269801765040427
239,0,0.9600635086637226
240,0,0.902645610534222
241,0,0.6863107042981653
242,0,0.006000000000028649
243,0,0.5800000000000693
244,0,1.1480000000000246
245,0,0.7182674325359812
246,0,0.6987760503804168
247,0,0.800688894988383
248,0,1.2682676220953795
249,0,0.5250000000000625
250,0,0.6550055693331842
251,0,0.4518310379257571
252,0,1.090406068520764
253,0,1.6144950509228977
254,0,1.617000000000047
255,0,2.6241354726750785
256,0,2.8356668343157594
257,0,2.6795854526578182
258,0,1.8556835175666038
259,0,1.5094381662356682
260,0,2.03156183376376
261,0,2.115517313453097
262,0,2.3402641387930316
263,0,0.4894095438345403
264,0,0.1426992858205267
265,0,0.5833007141787334
266,0,0.26718880775769094
267,0,1.1013208686951543
268,0,1.5064903235460179
269,0,2.17040399620646
270,0,1.571307565712118
271,0,2.3474412309697072
272,0,1.4846704299023372
273,0,0.9574760646237337
274,0,0.9164526533327262
275,0,1.4008476755151946
276,0,0.9423295798708295
277,0,1.6898383824512848
278,0,1.5309999999997217
279,0,1.602999999999838
280,0,1.4222239997044994
281,0,0.640833807011461
282,0,0.6781746146959335
283,0,1.6274934722882222
284,0,0.5222946107284088
285,0,1.0876953730233367
286,0,1.2375165439588045
287,0,0.10029067401785596
288,0,0.9717093259815215
289,0,1.433893715813042
290,0,0.7021062841864705
291,0,0.6790200560440098
292,0,0.421979943955364
293,0,0.9409999999996899
294,0,0.7939999999996417
295,0,1.2710250637503009
296,0,1.2369749362493394
297,0,0.479999999999734
298,0,0.9689124751101303
299,0,0.9427749497182276
300,0,1.4831238375401767
301,0,2.437522512833482
302,0,1.2085836636188105
303,0,1.0725333307725577
304,0,0.6469449019099898
305,0,1.0536043284939751
306,0,0.9363021220873406
307,0,0.6333667997951125
308,0,0.5043310781165928
309,0,0.1152294492682131
310,0,1.0187705507313467
311,0,0.3739110401073731
312,0,1.2920629748312535
313,0,1.5279999999997926
314,0,1.0435890872174696
315,0,1.716952984517036
316,0,0.8775941990245997
317,0,1.9537038182828041
318,0,1.387817379436342
319,0,1.679327484561611
320,0,1.3852503369558917
321,0,0.8907906950626057
322,0,1.9227675754542588
323,0,1.8440406880661158
324,0,0.2125298912705489
325,0,1.2332159532165292
326,0,0.22944589199113352
327,0,0.5873495713976808
328,0,0.17465042860175117
329,0,0.5711042223244931
330,0,0.8098957776747966
331,0,0.4639999999996576
332,0,0.2121451376296477
333,0,1.8488984024815522
334,0,0.8203786979799474
335,0,1.2029695788165782
336,0,1.4013102379671523
337,0,1.4792717712520584
338,0,0.2950261738707809
339,0,0.4424853108620823
340,0,0.6866223315435604
341,0,0.9914828446529782
342,0,1.8099589166275223
343,0,1.0704505963122983
344,0,0.5303687390845084
345,0,1.0456312609150018
346,0,1.4889999999997485
347,0,1.7893656979375123
348,0,2.226120189168853
349,0,3.112812924277307
350,0,1.671701188614918
351,0,0.4547761474545382
352,0,1.7104492298955734
353,0,0.6947746226488789
354,0,1.619382638962179
355,0,0.5923065136166201
356,0,1.6454368115580564
357,0,2.1874877107584325
358,0,1.7591104671605535
359,0,1.5788144035785194
360,0,2.0627026385287763
361,0,2.536631561604622
362,0,2.5841532187146186
363,0,1.3856766740436797
364,0,1.093853858877992
365,0,2.1646588264393927
366,0,2.125784676152307
367,0,0.44270293061481425
368,0,0.7423837508732163
369,0,1.5899237300283176
370,0,2.507674387806162
371,0,2.4974222004049125
372,0,2.4974091961597082
373,0,0.7901753248120258
374,0,1.2892040623723915
375,0,1.778400369254996
376,0,0.5489021159839922
377,0,1.6208019316858895
378,0,0.2019999999997708
379,0,0.7459999999997535
380,0,1.2739999999997167
381,0,0.1699999999997317
382,0,1.095725683771775
383,0,1.9897528153496182
384,0,1.32546961147591
385,0,2.3791518038203776
386,0,1.520009581599595
387,0,2.060042307802007
388,0,0.8128481961788907
389,0,0.9026020456306583
390,0,1.8530783305700425
391,0,1.3483196237982042
392,0,1.0621317402828936
393,0,0.16054865342880476
394,0,2.0289057156441004
395,0,1.0064138906432163
396,0,0.4708339421028427
397,0,1.7899897918458123
398,0,1.09629293819944
399,0,0.9188833278505513
400,0,0.36199999999968213
401,0,1.4093835862723836
402,0,1.8402562310440658
403,0,1.261734804348066
404,0,1.7873964173126637
405,0,2.261361299184216
406,0,1.020616197053812
407,0,0.5838478358403449
408,0,1.264059239231642
409,0,0.9685702321102667
410,0,2.943718482458621
411,0,1.9338116979528195
412,0,1.710633696821958
413,0,2.0406360409828608
414,0,1.4064924766382205
415,0,1.6199999999997203
416,0,0.9144817627439465
417,0,0.3419999999997003
418,0,1.143923918250266
419,0,1.4251099105600815
420,0,1.9189999999996417
421,0,1.9930637599678676
422,0,2.6842510863930897
423,0,2.045699503898561
424,0,1.2826842137523613
425,0,1.21693193238616
426,0,0.7196341113635754
427,0,2.0201606525474176
428,0,1.9758979733053934
429,0,0.9718767612213242
430,0,0.08476617635011507
431,0,0.4619999999995912
432,0,0.9889999999996348
433,0,0.9999140310110306
434,0,2.5545394422549066
435,0,2.4704381360760976
436,0,1.5756417758355497
437,0,1.6424244362576133
438,0,1.1680421785629278
439,0,0.3807536167247463
440,0,2.1408744505450272
441,0,0.8960604322064114
442,0,0.08831150052282055
443,0,0.011999999999716238
444,0,0.768240432977052
445,0,2.1684096961810155
446,0,2.606913171637302
447,0,1.4467756383249935
448,0,0.5596610608780566
449,0,0.9239999999997508
450,0,1.7961224318530071
451,0,0.7273503565990609
452,0,0.8895272115469766
453,0,0.7079999999997995
454,0,1.0427684920616116
455,0,1.635638136438672
456,0,1.8485933714988505
457,0,0.6760312069193901
458,0,1.071968793080032
459,0,0.454999999999643
460,0,1.2622344066689948
461,0,0.9917655933305127
462,0,0.7369999999997958
463,0,1.198363186609356
464,0,1.69863681339001
465,0,1.563416631335997
466,0,2.1867566287625095
467,0,1.2454505915174536
468,0,1.4238244579195225
469,0,1.3961126855677435
470,0,0.6741425768929048
471,0,0.6015794351363297
472,0,1.4245628448306888
473,0,1.55676043866265
474,0,1.8607153348858105
475,0,1.15180234938083
476,0,0.48137677125657774
477,0,0.3894992538470774
478,0,1.4819999999996867
479,0,0.7729494359239766
480,0,1.5499001656482392
481,0,0.9651503984266014
482,0,0.4419999999996662
483,0,0.5159999999996217
484,0,0.37887198440307657
485,0,0.3051280155963241
486,0,0.6450731076250804
487,0,0.5359268923743912
488,0,0.9571773901688516
489,0,0.6358226098306545
490,0,0.2829999999997881
491,0,1.372999999999763
492,0,0.4154368060001161
493,0,1.1751559374484373
494,0,1.9782098815910558
495,0,1.2701973749589115
496,0,0.7913616963200525
497,0,2.477272867174804
498,0,2.265435154754016
499,0,2.112138310614398
500,0,1.1817919711353397
501,0,0.987999999999829
502,0,0.3089162530687304
503,0,1.0978049790629711
504,0,1.0852787678673508
505,0,0.7769999999996458
506,0,0.46725378638984694
507,0,1.2947198573988317
508,0,1.8458165731424856
509,0,2.1972568116265165
510,0,2.482079387042802
511,0,2.4421983203957893
512,0,1.679835046690414
513,0,1.6638042162236388
514,0,1.830036001087251
515,0,0.45099999999968077
516,0,0.22474528535201443
517,0,0.7452547146474444
518,0,1.0149999999995316
519,0,0.7049999999996999
520,0,1.409999999999627
521,0,1.2946828231885092
522,0,1.0864908239692568
523,0,2.0621009467243994
524,0,1.8008054609783812
525,0,1.4131945390208784
526,0,2.902355613918189
527,0,1.4243697921978082
528,0,0.010999999999739885
529,0,0.49438410284835754
530,0,1.1656158971511559
531,0,0.46362421982632895
532,0,1.029312257683955
533,0,1.3827175590503202
534,0,0.9803459634383671
535,0,0.37616871092484416
536,0,0.9748312890745865
537,0,0.7237639396939812
538,0,0.13923606030527935
539,0,0.6824199132177
540,0,1.333857888753755
541,0,1.7331088364683183
542,0,1.7139999999997144
543,0,0.8856133615585122
544,0,0.21299999999962438
545,0,0.7656487392725921
546,0,1.9095179443731922
547,0,2.438036856188546
548,0,2.050244431603005
549,0,1.1477186646163773
550,0,1.3508333639446164
551,0,0.25399999999967804
552,0,1.6803470990454343
553,0,1.5093105103209155
554,0,2.549984945239885
555,0,2.3558244626020723
556,0,1.3825329827899395
557,0,1.610999999999649
558,0,0.8097063639306725
559,0,1.1112936360685808
560,0,0.6829999999997654
561,0,0.35999999999978627
562,0,0.7189999999997099
563,0,0.7331667589942299
564,0,0.768833241004927
565,0,0.8729585426597168
566,0,0.6951831356185494
567,0,0.5432061938629431
568,0,0.21612373247592132
569,0,0.9861195176010824
570,0,2.1957135943976027
571,0,1.5162485218137363
572,0,2.5284604049536483
573,0,1.5979863566140011
574,0,0.19099999999957618
575,0,0.7549999999995407
576,0,0.6476478465681339
577,0,0.8459755101613382
578,0,0.6773766432695538
579,0,0.9322482116114088
580,0,0.8847495782854367
581,0,0.9673348941693121
582,0,1.337895827599482
583,0,0.5302197466578491
584,0,2.0673729460029335
585,0,1.7401787956714543
586,0,0.17099999999959437
587,0,0.8497694043178399
588,0,0.7212305956811633
589,0,0.6375307448799958
590,0,1.142469255119181
591,0,0.532007951447099
592,0,0.8919920485524244
593,0,0.5897520112816892
594,0,0.2692884663533732
595,0,0.9241565920669927
596,0,2.069257685739558
597,0,0.2755452445563833
598,0,1.0209999999998445
599,0,0.6059999999997672
600,0,0.4999999999997726
601,0,0.9450148441210331
602,0,0.4191738464935497
603,0,0.313811309384846
604,0,1.4143960086621519
605,0,0.11183940111061474
606,0,0.6542738331767168
607,0,0.2864907570495916
608,0,0.03499999999962711
609,0,0.7732041791347228
610,0,0.8387958208645614
611,0,1.157522256569905
612,0,0.6014777434295411
613,0,0.5119999999996026
614,0,0.2079156293284541
615,0,0.8970843706709957
616,0,0.6603400671556301
617,0,0.7876599328436669
618,0,0.9480495001735108
619,0,2.0289059014061195
620,0,3.0280284447941312
621,0,2.321312787979309
622,0,0.6696038302350189
623,0,0.39509953541005416
624,0,1.0139999999995553
625,0,1.4249999999998408
626,0,0.34569108040864194
627,0,0.7452582812338733
628,0,0.620698002559152
629,0,0.25935263579731327
630,0,1.2679784175135183
631,0,1.827999999999406
632,0,1.2405396795436445
633,0,2.2308472053894093
634,0,1.484021582486207
635,0,1.0089999999997872
636,0,1.280343247275141
637,0,0.2052698677908893
638,0,1.2540019551147452
639,0,0.5897737440363926
640,0,0.7942243008483274
641,0,0.3664848553412412
642,0,0.35495829455669536
643,0,1.170985571563051
644,0,0.7515712785376536
645,0,0.7885395412675962
646,0,0.7764680559394037
647,0,0.7519924027920979
648,0,1.0809320257311583
649,0,1.753874536465446
650,0,0.1481934378026608
651,0,1.0666693678842876
652,0,2.2849999999998545
653,0,1.2378042838718102
654,0,1.024526348243171
655,0,1.0030417420565527
656,0,0.5349582579427761
657,0,0.10799999999960619
658,0,0.1779999999997699
659,0,1.7914866206475608
660,0,3.037780421142429
661,0,3.2086311147809283
662,0,2.4292497373571678
663,0,1.533852106070185
664,0,0.9399999999997135
665,0,0.7589999999999009
666,0,0.3289999999997235
667,0,1.0620237554704772
668,0,1.365976244528838
669,0,0.6803353408288331
670,0,2.3109418029223434
671,0,2.5289999999996553
672,0,2.570362926899975
673,0,1.2013599293477455
674,0,0.9299999999996089
675,0,0.31999999999970896
676,0,1.4919429438062934
677,0,2.942338978475391
678,0,1.4647180777174071
679,0,0.46399999999960073
680,0,0.8729999999997062
681,0,0.5659999999998035
682,0,0.8839999999996735
683,0,0.33919167480837586
684,0,1.2108083251908965
685,0,1.1699999999997317
686,0,0.8357772686058524
687,0,1.383321247383492
688,0,1.2197283869817284
689,0,0.6210071223586056
690,0,2.7341659746692812
691,0,0.7909999999997126
692,0,1.7936004278728888
693,0,1.4440844775805317
694,0,1.6812016863368626
695,0,2.4799794413834206
696,0,1.294803128690205
697,0,1.657196871309452
698,0,1.6881339668251485
699,0,0.854350996085941
700,0,0.6216490039134897
701,0,1.295999999999708
702,0,0.022999999999456122
703,0,1.117104146860811
704,0,0.9038171661954948
705,0,1.0283237109437096
706,0,3.334797428742263
707,0,2.4742384512602484
708,0,0.5436960019858361
709,0,0.26790611454134705
710,0,1.3859999999998536
711,0,1.7299999999997908
712,0,1.4651169794677799
713,0,0.8547165565356636
714,0,1.1669909758367112
715,0,1.2150276859032374
716,0,2.007502421275831
717,0,1.9527623604467408
718,0,1.0093436947664713
719,0,2.6854892136490207
720,0,2.7271164428034353
721,0,2.5222020197311394
722,0,1.064848629048356
723,0,0.3162508530518835
724,0,0.890749146947428
725,0,0.5819999999996526
726,0,0.7815221570502899
727,0,2.1942024734069037
728,0,2.2468855162907175
729,0,2.9076746493640258
730,0,0.8017152038869426
731,0,1.56699999999978
732,0,0.4859999999997626
733,0,0.26879535749037586
734,0,0.7392046425089802
735,0,0.49288743126601275
736,0,0.608112568733759
737,0,0.01299999999969259
738,0,0.741034176050448
739,0,0.8915220014750957
740,0,2.4621331776643274
741,0,1.6646884772962949
742,0,1.7029868916482656
743,0,2.0188560765814145
744,0,2.1824936492793086
745,0,0.22728555000242068
746,0,0.1639999999997599
747,0,1.2609572385719048
748,0,1.7737469509929724
749,0,2.3745731872070337
750,0,1.3304950246927092
751,0,1.6225930114122775
752,0,1.0109999999997399
753,0,1.2564098081552402
754,0,0.7828498393315613
755,0,0.813374939634059
756,0,0.5299999999996317
757,0,2.1491078143014875
758,0,0.7619151035059986
759,0,0.9249770821917309
760,0,0.24999999999954525
761,0,0.1515072962300792
762,0,2.092227681356462
763,0,2.7397723186428493
764,0,1.7164030801305898
765,0,2.093428212299955
766,0,2.0339982850715614
767,0,2.013447867810328
768,0,0.522215258455617
769,0,0.6767149014982579
770,0,0.7715027649970807
771,0,0.57570895544427
772,0,0.7007196524028814
773,0,0.880353725656164
774,0,1.1332167057859124
775,0,0.8507832942136702
776,0,0.9233582121117934
777,0,0.6196417878878719
778,0,0.6497648425033731
779,0,1.0266079719007166
780,0,0.8186271855948917
781,0,0.4036025690011229
782,0,2.2024169453642344
783,0,1.8169804856336214
784,0,0.8417318206745676
785,0,0.4512681793248703
786,0,1.2469999999996162
787,0,0.9905468935919544
788,0,0.9365982375179556
789,0,0.6378548688895762
790,0,0.6053108127101723
791,0,0.5656891872893084
792,0,0.37299999999970623
793,0,1.2315966451972145
794,0,1.052808276965493
795,0,1.5880648795789511
796,0,1.3195301982573255
797,0,0.36499999999955435
798,0,0.5015163682309094
799,0,0.574483631768544
800,0,0.4159999999998263
801,0,0.41315268447704057
802,0,0.8858473155222555
803,0,0.8861995814803549
804,0,0.9572099972217529
805,0,0.7686949198451885
806,0,0.9700904401098569
807,0,1.1488050613412497
808,0,0.4617783131543547
809,0,0.8322216868449459
810,0,0.3249897068911878
811,0,1.2160694121714641
812,0,0.8958734190433688
813,0,1.6380849601519003
814,0,0.6029825017405983
815,0,1.3151762228557118
816,0,0.6537114590398687
817,0,0.7251123181036974
818,0,0.34999999999979536
819,0,0.4552715265703
820,0,0.3515893233445695
821,0,0.6061391500838909
822,0,0.016999999999598003
823,0,1.4094204844161595
824,0,1.8806662224629918
825,0,1.5149132931198892
826,0,0.622547119534488
827,0,0.9174528804645661
828,0,0.7631740264115479
829,0,1.1378259735877236
830,0,0.8600508400772924
831,0,0.37607042606816776
832,0,0.37868741317834065
833,0,0.6009036848579399
834,0,1.5308992373649062
835,0,1.4713086767947061
836,0,1.616999999999507
837,0,1.5440797216567717
838,0,1.4815915719048007
839,0,1.6592102601576926
840,0,3.2998383152688575
841,0,1.5283454290887448
842,0,1.9546288620553014
843,0,1.840108292465743
844,0,0.8102772690566553
845,0,0.39590013945155533
846,0,0.6640998605478217
847,0,0.6453984632227048
848,0,1.7413390009855902
849,0,1.426477953520589
850,0,1.9148734927510986
851,0,1.523573632099783
852,0,0.17400035646255674
853,0,1.5150504027118359
854,0,1.6575871518075473
855,0,1.4675915252134928
856,0,1.485476239903278
857,0,0.4906146202195032
858,0,0.7896063444713946
859,0,1.3824108166271571
860,0,0.6907547962850913
861,0,0.5004065190104257
862,0,0.8068386847035072
863,0,1.2354596469997432
864,0,1.256169655105282
865,0,0.8760310894064105
866,0,0.6853396084875385
867,0,0.6632812466131099
868,0,0.8594453421326307
869,0,1.247273411253559
870,0,0.8679999999998245
871,0,1.4167519120612724
872,0,1.2482480879382365
873,0,1.3484219915570748
874,0,1.3375780084422786
875,0,0.5017359261511274
876,0,0.9692640738483078
877,0,0.9990761134426975
878,0,1.0879238865564957
879,0,0.42974851798396685
880,0,0.41425148201540196
881,0,0.13299999999969714
882,0,2.2618628418600792
883,0,0.862137158139376
884,0,0.7076114653176546
885,0,1.728198691929265
886,0,1.3882256972824507
887,0,1.631999999999607
888,0,1.8056502714224507
889,0,1.2090606361797427
890,0,2.795942776510401
891,0,1.732310461355837
892,0,1.1245522436367992
893,0,1.4815995398747646
894,0,2.5209359760215193
895,0,1.491912240465581
896,0,1.2276945202415845
897,0,1.2543054797580453
898,0,0.44614437410928076
899,0,1.3015735998232003
900,0,1.2532820260665858
901,0,0.37273878757014245
902,0,1.012354794148223
903,0,1.549906418280898
904,0,0.6069163370798378
905,0,0.11408366291959737
906,0,0.3177657851663298
907,0,0.6138119976172902
908,0,1.8124222172151576
909,0,1.74799999999982
910,0,1.700499713071281
911,0,3.1121363534816737
912,0,1.058576933754125
913,0,1.019999999999527
914,0,1.7679999999995744
915,0,0.44778699969140234
916,0,0.48999999999966803
917,0,1.9462922547965036
918,0,0.3617077452029207
919,0,0.6889999999997372
920,0,0.9074455639691905
921,0,0.7342114638690873
922,0,0.9290434913623358
923,0,2.3370147753915944
924,0,1.7076321798969047
925,0,1.2085741485178687
926,0,0.3390783769910968
927,0,0.9255440791002911
928,0,1.2116237983128713
929,0,1.6731612540905871
930,0,1.1156456887018749
931,0,1.1893613343390825
932,0,1.4406638454536278
933,0,0.32999999999981355
934,0,1.9589085641878228
935,0,2.391999999999598
936,0,1.1403367778575557
937,0,2.1867956790980543
938,0,1.522401003393611
939,0,1.7335579754612809
940,0,0.38099999999963075
941,0,1.0419224586318023
942,0,0.24007754136766835
943,0,0.29999999999972715
944,0,0.7341649613471191
945,0,0.3741250547210484
946,0,0.26895255756699044
947,0,1.2962006098115353
948,0,1.3599999999997863
949,0,1.677708871029722
950,0,2.2612911289694466
951,0,0.8295568165515306
952,0,0.26599999999962165
953,0,1.1012337672767671
954,0,1.633758498754446
955,0,2.1534104426060594
956,0,1.5105895573935868
957,0,1.1437953242094636
958,0,2.6359870222941026
959,0,0.9965779280117886
960,0,0.4906474594516794
961,0,1.2777824578654418
962,0,2.207734592877614
963,0,1.756577736157169
964,0,1.3956439658090858
965,0,0.6375281772374137
966,0,0.7354679468270433
967,0,0.4456892671432797
968,0,0.7703104048721343
969,0,0.5855625579666821
970,0,0.7775660028503353
971,0,1.2644425411986049
972,0,0.6266943491921211
973,0,0.0039999999999054126
974,0,0.639636126505934
975,0,0.8105877666314427
976,0,0.9061018881338896
977,0,0.6636742187274649
978,0,0.24299999999982447
979,0,0.5296915697875875
980,0,1.5573084302117195
981,0,1.1859999999996944
982,0,1.3246023700486376
983,0,0.16689835113527351
984,0,0.8674992788152167
985,0,1.152999999999679
986,0,0.6319638349922343
987,0,0.5610361650071809
988,0,0.2849999999997408
989,0,0.5101010210202048
990,0,1.9571743021979273
991,0,1.4388046700217956
992,0,0.8529200067591773
993,0,0.9151896698359678
994,0,0.30098024513335986
995,0,1.3589999999996962
996,0,1.2489999999996826
997,0,0.7478300850297046
998,0,0.21999999999968622
999,0,0.6745701051495416
1000,0,0.370392053227647
1001,0,0.07003784162213833
1002,0,0.5301914288547778
1003,0,1.5162166377272115
1004,0,2.045560394632048
1005,0,1.518372886549514
1006,0,1.8780078277150096
1007,0,1.6292453444438024
1008,0,1.5594054800754975
1009,0,0.7229999999996153
1010,0,0.6139999999996917
1011,0,1.42322297427188
1012,0,1.622266398474153
1013,0,0.8165106272532512
1014,0,0.6300215839592056
1015,0,1.4849784160403487
1016,0,0.8959999999997308
1017,0,0.9259999999998172
1018,0,0.767948794233348
1019,0,0.32805120576620084
1020,0,1.2860131340643193
1021,0,1.377999999999588
1022,0,1.440007375616915
1023,0,1.0015000516727923
1024,0,1.4088586785990174
1025,0,0.5876207600451835
1026,0,0.8602797114697296
1027,0,2.03623288933386
1028,0,1.6580429090586222
1029,0,1.1194879085308003
1030,0,0.6439565816049253
1031,0,0.541999999999689
1032,0,0.3859999999997399
1033,0,1.4063736739262822
1034,0,0.9146263260729484
1035,0,0.010999999999739885
1036,0,0.6299999999998818
1037,0,0.8669999999997344
1038,0,1.1449999999999818
1039,0,0.20786807135868912
1040,0,0.6141319286409725
1041,0,1.0744610844610634
1042,0,0.5045389155384328
1043,0,0.6179999999997108
1044,0,0.9099999999996271
1045,0,0.8489508835102697
1046,0,0.8999544510068063
1047,0,2.019100380658074
1048,0,1.8539942848237843
1049,0,0.9939999999999145
1050,0,0.0912157868185659
1051,0,0.842470499904266
1052,0,0.3573137132764259
1053,0,0.6159999999997581
1054,0,0.7436157387251114
1055,0,1.1498306121061432
1056,0,0.36673864612453144
1057,0,2.2468655815250713
1058,0,1.6222040616921731
1059,0,1.5033393392473045
1060,0,0.6084349535531146
1061,0,0.4509710670245113
1062,0,0.013999999999668944
1063,0,0.8575959934698858
1064,0,2.5947018661875063
1065,0,1.2899999999997362
1066,0,1.738206381089185
1067,0,0.19047234317099537
1068,0,0.8200234160808577
1069,0,0.3982429845225397
1070,0,0.6901516368636749
1071,0,0.756605378613358
1072,0,0.3169709433375374
1073,0,1.1080779980488842
1074,0,0.648951058612738
1075,0,0.19251694375634543
1076,0,0.6574846420842277
1077,0,1.3103551582155433
1078,0,0.9450689827408496
1079,0,0.9065742732011586
1080,0,1.2519999999997253
1081,0,1.016340433634923
1082,0,0.5849070600527284
1083,0,1.5287177131087901
1084,0,1.064034793202154
1085,0,0.9159673104556987
1086,0,0.6624871222932143
1087,0,0.8765455672498774
1088,0,1.0101837234319646
1089,0,1.822816276568119
1090,0,0.44899999999984175
1091,0,1.2169999999998709
1092,0,1.300757485559643
1093,0,0.5052425144394874
1094,0,1.3703158442629046
1095,0,0.8801132907992724
1096,0,1.1145708649366952
1097,0,0.7129999999999654
1098,0,0.19308770755492333
1099,0,1.9269999999996799
1100,0,1.4267061028601802
1101,0,2.4259444991764667
1102,0,2.597999999999729
1103,0,1.8987115441429978
1104,0,1.8481944996544826
1105,0,1.6912472394735687
1106,0,2.0115923419382398
1107,0,1.7126651153325838
1108,0,1.8583348846666468
1109,0,0.9575160651972965
1110,0,0.3689999999999145
1111,0,0.7872648745535571
1112,0,0.2677351254460518
1113,0,0.3710887511258534
1114,0,0.19191124887356636
1115,0,1.6594460533549409
1116,0,2.0040216093962044
1117,0,1.294532337247574
1118,0,0.14873366897472806
1119,0,0.867266331025121
1120,0,0.7049999999996999
1121,0,1.2221255669824131
1122,0,0.8763777568353817
1123,0,0.6014966761808864
1124,0,1.1407914487876951
1125,0,1.141574959709942
1126,0,1.4099999999998545
1127,0,1.4266317052044997
1128,0,2.4857622620568236
1129,0,0.8622396242394643
1130,0,1.8391517195593678
1131,0,2.273188420772385
1132,0,2.3831738853648403
1133,0,3.402358912510408
1134,0,3.825682604231133
1135,0,2.3945743826395756
1136,0,0.7478700749202289
1137,0,1.1585573841200585
1138,0,1.6617627210205228
1139,0,2.034679894858755
1140,0,0.07599999999956708
1141,0,0.5084480237189837
1142,0,0.5210397984453721
1143,0,1.2485121778343
1144,0,0.5785167951246422
1145,0,0.781483204874803
1146,0,0.7829999999999018
1147,0,1.5090396708676508
1148,0,1.6147424843588851
1149,0,0.9788441703165063
1150,0,1.4556175676091243
1151,0,0.8415053348978745
1152,0,1.3547150178458196
1153,0,1.5766481252048834
1154,0,2.0668781464785297
1155,0,3.2589020530865582
1156,0,2.765985575810191
1157,0,0.7213469553103096
1158,0,1.1327748982105277
1159,0,0.48099999999976717
1160,0,0.03899999999975989
1161,0,0.0749999999998181
1162,0,0.21310644930781564
1163,0,1.6557599429636412
1164,0,1.5332607854704747
1165,0,1.360204870820553
1166,0,0.6956679514357802
1167,0,0.8432699825139025
1168,0,1.3429238094354332
1169,0,1.4216371722079657
1170,0,1.7542312821105952
1171,0,2.161819411483066
1172,0,0.673118342247335
1173,0,0.5489999999997508
1174,0,0.8659999999993033
1175,0,0.2555415265794636
1176,0,0.3194584734201271
1177,0,0.29399999999964166
1178,0,0.7047749899438713
1179,0,0.8242250100556703
1180,0,0.6719999999997981
1181,0,1.2747920976262321
1182,0,0.737003642794889
1183,0,1.1441924636362728
1184,0,0.8460117959421041
1185,0,0.3579999999994925
1186,0,1.0449999999998454
1187,0,1.0563923676847935
1188,0,2.107874426978924
1189,0,0.7940265716492831
1190,0,2.173227728666461
1191,0,2.8769999999997253
1192,0,3.037592329002109
1193,0,1.548341663460178
1194,0,0.4416302361119051
1195,0,1.377102215074956
1196,0,1.7529999999994743
1197,0,1.210999999999558
1198,0,2.088791971285673
1199,0,1.5730204900826266
1200,0,1.4941784408922558
1201,0,0.8732728306181343
1202,0,0.4575487284882911
1203,0,0.807096280797623
1204,0,1.200189715341594
1205,0,0.6977000665110609
1206,0,0.6496190397751889
1207,0,0.6726546801544373
1208,0,1.2333855500985464
1209,0,2.940180723793219
1210,0,1.969632896146777
1211,0,1.2927704518046994
1212,0,1.284593954809452
1213,0,1.5501766407644482
1214,0,0.2716111478150651
1215,0,1.358388852184362
1216,0,0.4849999999996726
1217,0,1.328952094021588
1218,0,1.102811777516763
1219,0,1.9261070864245085
1220,0,2.482711646110147
1221,0,1.6992883538894148
1222,0,1.5581290420368532
1223,0,1.5283605772754072
1224,0,1.6942157309517825
1225,0,3.1176595565066236
1226,0,2.6306290017278116
1227,0,0.4731008625899449
1228,0,0.4666034768592908
1229,0,0.3004307940866511
1230,0,1.1378556822460268
1231,0,0.4609169244615714
1232,0,0.6782273932917633
1233,0,0.3410186535579669
1234,0,1.82572931779805
1235,0,1.1256703922354063
1236,0,1.6995819033909356
1237,0,0.8493795406352547
1238,0,1.1462552908908492
1239,0,2.4573576158190917
1240,0,1.1846970617177703
1241,0,1.1966532421429292
1242,0,2.0738183288838172
1243,0,0.5175916185637561
1244,0,1.7042470343606055
1245,0,0.8915572059042915
1246,0,1.5080774411260336
1247,0,2.976784107001322
1248,0,1.6798489485818209
1249,0,1.6799134564955693
1250,0,0.7018188408883361
1251,0,0.6295687035237734
1252,0,0.7134312964756191
1253,0,0.35975162263457605
1254,0,1.0110554759571642
1255,0,0.8226949239528949
1256,0,1.1314979774538187
1257,0,0.5835765276626717
1258,0,0.5661300431722793
1259,0,0.454293429163954
1260,0,1.1729342218145575
1261,0,1.898679737861812
1262,0,1.2506219404074272
1263,0,0.7907640999151226
1264,0,0.19399999999950523
1265,0,0.7488622962100635
1266,0,0.8056878017762301
1267,0,1.1974002380268303
1268,0,0.6270496639854173
1269,0,0.7477870997231548
1270,0,1.7012540589489618
1271,0,1.4536492732083843
1272,0,1.201309568118404
1273,0,1.3059022552499755
1274,0,0.3480977447495661
1275,0,0.48499999999989996
1276,0,0.03899999999953252
1277,0,0.6829999999997654
1278,0,0.5239999999996598
1279,0,0.8343922725807715
1280,0,1.3461618564672335
1281,0,1.7645872964235423
1282,0,0.6964465308162744
1283,0,1.2404120437106485
1284,0,0.6272590421160658
1285,0,1.1237409578832285
1286,0,1.019744698484601
1287,0,1.333984849931312
1288,0,0.7502704515834466
1289,0,0.29788433715316387
1290,0,1.8020986479912153
1291,0,2.087501522743878
1292,0,0.5423988090410603
1293,0,1.2735128744225221
1294,0,0.9967092385661545
1295,0,2.1189677700797347
1296,0,1.2969429066886278
1297,0,2.212315938946176
1298,0,1.565571403375543
1299,0,1.4910965509886864
1300,0,0.8827114265288856
1301,0,0.9832885734708725
1302,0,0.10064656586359888
1303,0,1.037353434135639
1304,0,1.3390530897208919
1305,0,0.2975513877383946
1306,0,0.7023955225402005
1307,0,0.39259348773725833
1308,0,0.20540651226224327
1309,0,1.0072836282258777
1310,0,0.4417163717735093
1311,0,0.3819999999996071
1312,0,0.38199121393449786
1313,0,0.4280087860649928
1314,0,0.9829884984264936
1315,0,1.5766008926666473
1316,0,0.0914106089062443
1317,0,0.1369999999999436
1318,0,0.3250162435608672
1319,0,1.1064338548196702
1320,0,1.8259196106425861
1321,0,1.202439404447432
1322,0,1.4186114153155813
1323,0,0.27357947121163306
1324,0,0.22999999999933607
1325,0,2.0841973640017386
1326,0,1.5138434668754144
1327,0,1.356657434855606
1328,0,1.071448964182082
1329,0,0.6312223295635704
1330,0,0.7460434792342312
1331,0,0.48058696128623524
1332,0,1.3244057159729437
1333,0,0.2455942840260832
1334,0,0.5379999999997835
1335,0,0.7750937779085234
1336,0,0.6549062220910855
1337,0,1.0929999999996198
1338,0,0.6675818570154206
1339,0,0.8835705322321701
1340,0,0.6888476107515089
1341,0,1.2956217665864642
1342,0,1.3831672571286617
1343,0,1.1500627560972134
1344,0,2.5311482201864237
1345,0,0.7221660980642355
1346,0,0.2888339019355044
1347,0,2.34241056756332
1348,0,1.130253540848571
1349,0,1.0273358915867448
1350,0,0.6638890503772927
1351,0,0.622152436711076
1352,0,0.944298050632824
1353,0,0.7781482675122788
1354,0,0.7155638741487564
1355,0,0.8789483206160185
1356,0,0.7094363277590219
1357,0,0.6224395157148592
1358,0,1.3181241565253004
1359,0,0.2590564082838682
1360,0,1.4935033518133878
1361,0,2.307000925527518
1362,0,2.9702481844826707
1363,0,1.5063292860606907
1364,0,1.2698618438294034
1365,0,1.3888215073759511
1366,0,0.7034801604886525
1367,0,0.40128472064316156
1368,0,0.9424136114907924
1369,0,0.7574625813920193
1370,0,2.120433212264743
1371,0,3.3080391716960094
1372,0,3.4073866919441116
1373,0,3.0100531811592646
1374,0,2.5472745006443347
1375,0,2.6051060260060694
1376,0,1.2502446348905778
1377,0,0.5068268528775661
1378,0,0.9372114391126161
1379,0,2.2013570158696893
1380,0,2.196961708009212
1381,0,1.6304222267740442
1382,0,2.470082565276016
1383,0,3.397789631711703
1384,0,3.3517779648120722
1385,0,2.4750554291251774
1386,0,0.9560976988561833
1387,0,0.4186558328424326
1388,0,1.3227261153833751
1389,0,2.1850355193469113
1390,0,0.2969999999997981
1391,0,0.7350593889748325
1392,0,1.5732565853927554
1393,0,0.9666840256313662
1394,0,0.7729999999999109
1395,0,0.429476563436765
1396,0,2.0205056711981797
1397,0,1.84449432880092
1398,0,0.5505234365627985
1399,0,0.8013936473939793
1400,0,0.36160635260557683
1401,0,1.1053244226361585
1402,0,1.444675577363114
1403,0,0.8710123599391864
1404,0,0.5309876400604026
1405,0,0.9927526566475535
1406,0,0.7108958388016617
1407,0,0.985721614696331
1408,0,0.8870250575362206
1409,0,1.4724703036122264
1410,0,1.860859144911501
1411,0,1.2442753837924556
1412,0,0.5249999999996362
1413,0,1.0010140327387944
1414,0,0.8979859672604107
1415,0,0.18905983565332463
1416,0,0.5563558258086232
1417,0,0.7375843385368626
1418,0,0.43406591174607456
1419,0,1.5408705126858422
1420,0,0.3168414675621989
1421,0,0.7302221080049094
1422,0,0.013999999999668944
1423,0,0.42319412748611285
1424,0,0.2308058725132014
1425,0,0.14699999999970714
1426,0,0.8369999999995343
1427,0,0.6673111052800778
1428,0,1.355947416087929
1429,0,0.9098100449737103
1430,0,0.5644083352306097
1431,0,1.4039999999995416
1432,0,1.3766578917100105
1433,0,0.8379296214036458
1434,0,0.9555132794134806
1435,0,0.7114926060257858
1436,0,0.49492969987181823
1437,0,0.18554521370538168
1438,0,0.9884547862939144
1439,0,0.3099999999994907
1440,0,1.4869999999998527
1441,0,0.5089999999997872
1442,0,0.2214595614332211
1443,0,0.979540438566346
1444,0,0.32099999999945794
1445,0,1.0986644140541557
1446,0,1.2333355859450421
1447,0,1.3859999999999673
1448,0,1.2384448013287965
1449,0,1.6481442971191882
1450,0,2.5352184318664968
1451,0,1.4334327361357282
1452,0,1.8869999999997162
1453,0,1.1275211895799657
1454,0,0.743238543967891
1455,0,0.36183838342685704
1456,0,0.8634815830050684
1457,0,0.937680033567176
1458,0,1.274476320363874
1459,0,0.7945236796356312
1460,0,0.9952221506216574
1461,0,1.1269589387090946
1462,0,1.8199821154905749
1463,0,1.2707062109982417
1464,0,1.3284467568530545
1465,0,1.082683827325809
1466,0,1.0829999999998563
1467,0,0.7129999999995107
1468,0,0.551888776926944
1469,0,0.6822387304071071
1470,0,1.3979999999996835
1471,0,1.058872492664932
1472,0,1.1033223430072212
1473,0,0.30483433732001686
1474,0,1.1638433196721962
1475,0,0.3564564644739221
1476,0,1.2627120609481608
1477,0,2.743761881488581
1478,0,2.317069593088263
1479,0,0.38098337656560943
1480,0,1.409016623433672
1481,0,0.5157392377118413
1482,0,1.5380705410323117
1483,0,2.3966621458646387
1484,0,2.67157784005758
1485,0,0.6791331356882893
1486,0,0.888597825025272
1487,0,0.6807852199863191
1488,0,1.682145486618083
1489,0,1.2161495126124464
1490,0,1.902310827624433
1491,0,1.17982822777617
1492,0,1.3929999999995744
1493,0,0.37777761471556914
1494,0,1.6912223852837087
1495,0,0.02399999999965985
1496,0,0.3979999999996835
1497,0,0.5460000000000491
1498,0,0.7428311439375648
1499,0,0.39316885606194774
1500,0,0.43299999999976535
1501,0,1.4349999999999454
1502,0,1.0575048757548302
1503,0,1.4089999999996508
1504,0,1.2734951242446186
1505,0,1.4449741960240772
1506,0,2.2466362314216894
1507,0,1.6339999999995598
1508,0,0.7861392103648086
1509,0,0.5222503621878332
1510,0,0.8016872872315162
1511,0,0.5599120884178319
1512,0,0.5078941976430542
1513,0,1.319967527625522
1514,0,0.7035388990805131
1515,0,0.9702638046737775
1516,0,0.9479000923295189
1517,0,1.5769839054989916
1518,0,1.3216126958434415
1519,0,0.3347409700454591
1520,0,0.873708397510427
1521,0,0.11379013409646177
1522,0,0.3625552361861537
1523,0,1.3716649692237297
1524,0,1.3093354119489504
1525,0,1.2153965333964152
1526,0,0.9972775055041438
1527,0,2.0384438231972126
1528,0,0.5593265205409352
1529,0,1.1159000103530161
1530,0,0.7988472758929674
1531,0,1.447252713753187
1532,0,0.03799999999955617
1533,0,0.19357900805607642
1534,0,1.896283327479523
1535,0,1.0150747031793799
1536,0,0.7263693680727101
1537,0,0.3996935932107135
1538,0,0.09781597578148649
1539,0,0.01818402421781684
1540,0,1.8305304753355358
1541,0,0.5574695246639294
1542,0,1.3053704607962118
1543,0,2.0360275468103737
1544,0,2.0019724531887277
1545,0,0.7506295392033735
1546,0,0.710999999999558
1547,0,0.7069999999996526
1548,0,0.2524837963014761
1549,0,1.15570899407453
1550,0,1.0153522064508707
1551,0,1.374667359264322
1552,0,1.5413058136803102
1553,0,0.6677455847668625
1554,0,0.9487692521831832
1555,0,0.7589577919172825
1556,0,1.3183047884558619
1557,0,0.6747044129024289
1558,0,0.9149937553340806
1559,0,0.8877434336855003
1560,0,1.3454079669352268
1561,0,0.9338548440441627
1562,0,0.8350235891618922
1563,0,0.9626891045691082
1564,0,0.258287306267448
1565,0,0.28799999999978354
1566,0,1.25
1567,0,0.5199232917682366
1568,0,0.8766737764997288
1569,0,1.1126029458373523
1570,0,0.9584699194440418
1571,0,0.9824694644830743
1572,0,1.1727185342876965
1573,0,0.440629653455062
1574,0,1.8227494203640617
1575,0,2.0309999999997217
1576,0,2.073648542693263
1577,0,1.7346218275451974
1578,0,0.6766204131342874
1579,0,0.8628722104840563
1580,0,0.4639999999997144
1581,0,0.6752592089958398
1582,0,2.567697311347956
1583,0,0.5450434796555328
1584,0,1.110735125038218
1585,0,1.1889999999996235
1586,0,1.26626487496128
1587,0,0.858156180709102
1588,0,2.8004231099000663
1589,0,2.2192999159360625
1590,0,3.380631878794702
1591,0,2.453899683727741
1592,0,1.8855892309293267
1593,0,2.2028480563760695
1594,0,2.0200166129823174
1595,0,1.1147892064939242
1596,0,0.18134612414610274
1597,0,0.9366605354882722
1598,0,0.8053394645110075
1599,0,0.8939710622478287
1600,0,0.8016026702653107
1601,0,0.3534262674859292
1602,0,0.18899999999985084
1603,0,1.1938176950363868
1604,0,2.2175224545201218
1605,0,1.4569999999996526
1606,0,1.2705480004378842
1607,0,1.4152942430446274
1608,0,1.202817606960025
1609,0,0.8372679517406141
1610,0,0.3767320482586456
1611,0,0.7598637324435913
1612,0,0.6924220667126519
1613,0,1.0747142008426636
1614,0,0.2360803907886293
1615,0,0.7399196092108014
1616,0,1.171999999999798
1617,0,0.6579999999996744
1618,0,0.7979348250610201
1619,0,1.758046284904367
1620,0,0.4510188900335379
1621,0,0.8902921158176014
1622,0,0.9348542713851202
1623,0,1.3288536127963653
1624,0,0.34582565561140655
1625,0,1.1804521244184798
1626,0,0.43972221996909866
1627,0,0.5394346154600953
1628,0,0.7517747540284745
1629,0,0.6257906305106644
1630,0,0.8329644419654869
1631,0,1.538633687247966
1632,0,1.7432829392068925
1633,0,2.1629265794381354
1634,0,0.5191923521401804
1635,0,0.9249353205045736
1636,0,1.541224321153777
1637,0,0.9167924970010972
1638,0,1.1530764014314627
1639,0,1.8680108102187205
1640,0,2.135717987518319
1641,0,1.750999999999749
1642,0,1.6319999999998345
1643,0,1.0203084862321248
1644,0,0.7149341759375147
1645,0,0.6959999999996853
1646,0,0.9507808476137143
1647,0,1.7125197389168534
1648,0,1.4354231721301858
1649,0,1.2312762413382643
1650,0,0.7994360292302645
1651,0,0.5855639707692717
1652,0,0.7089999999996053
1653,0,0.9989999999997963
1654,0,0.4299999999996089
1655,0,0.48159071986310664
1656,0,0.25232201656285724
1657,0,1.9630746325128712
1658,0,0.591012631060039
1659,0,1.7039564670865275
1660,0,2.0481389817916806
1661,0,2.800423483005261
1662,0,2.8923530738791214
1663,0,1.4852727714985576
1664,0,1.3914232345193795
1665,0,0.7314319882173095
1666,0,1.0769999999997708
1667,0,1.2660197940028866
1668,0,2.293281246126753
1669,0,1.9239132309314755
1670,0,1.0441173432716369
1671,0,0.9276683856664931
1672,0,0.21861060291826107
1673,0,0.6995496857841772
1674,0,1.0546472526714297
1675,0,0.7551924586264249
1676,0,1.0242629103586296
1677,0,0.5877299444910022
1678,0,0.7267334182026843
1679,0,1.311821687283782
1680,0,0.03545203966268673
1681,0,0.9819999999997435
1682,0,1.9791303134738882
1683,0,0.3033639903990206
1684,0,1.1473128027655548
1685,0,1.0527855513741997
1686,0,1.6291389013101707
1687,0,1.4992684406749959
1688,0,0.848367744363486
1689,0,1.6199999999998909
1690,0,1.4766322556361047
1691,0,0.3133836560225518
1692,0,1.5295572982176964
1693,0,1.0520055200274783
1694,0,0.9330535257311112
1695,0,1.1382487076998586
1696,0,0.2897512922995702
1697,0,0.36899999999968713
1698,0,0.39951930735355745
1699,0,0.1474806926457859
1700,0,0.266999999999598
1701,0,0.3456021507206515
1702,0,1.3415377735273069
1703,0,1.7410138551124419
1704,0,2.658501090386153
1705,0,1.6348600757510212
1706,0,2.2745476688678536
1707,0,1.600937385632733
1708,0,0.27999999999974534
1709,0,0.4439999999997326
1710,0,0.9209999999998217
1711,0,0.8949999999999818
1712,0,0.9857274011985737
1713,0,0.24626656608552366
1714,0,1.109006032715115
1715,0,0.9789999999998145
1716,0,1.1854885458101307
1717,0,0.3415114541890034
1718,0,0.322999999999638
1719,0,0.5349999999996271
1720,0,1.4589999999996053
1721,0,0.9641991563319152
1722,0,0.27575716269484474
1723,0,1.1969116422412753
1724,0,0.24389282488050412
1725,0,0.7812392138498581
1726,0,0.6497585891108884
1727,0,0.5060227917260818
1728,0,1.2329999999999472
1729,0,1.6909059559500292
1730,0,2.7563705373397624
1731,0,2.2453779355537336
1732,0,3.0179023839007186
1733,0,1.64896560496436
1734,0,0.6460956592823095
1735,0,0.9956005421699956
1736,0,1.166140614401229
1737,0,0.5377678155414287
1738,0,0.9282544562736348
1739,0,0.7218371137819304
1740,0,0.6743426672683199
1741,0,0.9156573327306887
1742,0,0.28999999999973625
1743,0,0.612999999999829
1744,0,1.225999999999658
1745,0,2.1118171782684385
1746,0,2.1338113061160584
1747,0,0.9809688439406727
1748,0,0.44840267167319325
1749,0,0.38099999999963075
1750,0,0.963918486796274
1751,0,0.3377366151330534
1752,0,1.196344898069583
1753,0,1.3335266309791223
1754,0,1.3070651642951816
1755,0,1.5550549108345422
1756,0,0.7741478799252945
1757,0,1.1822054139638567
1758,0,0.6168085708432045
1759,0,0.2988000108018696
1760,0,0.8266031583013955
1761,0,1.4389783606036417
1762,0,2.1684299308983555
1763,0,2.357073842111731
1764,0,2.383516952696027
1765,0,1.8000140338569963
1766,0,1.834996168062844
1767,0,1.9862555737574894
1768,0,2.224066313018966
1769,0,0.9562334587753867
1770,0,0.13922362626794893
1771,0,1.0673698621360472
1772,0,0.958630137863338
1773,0,1.0172809812829655
1774,0,1.266524707778217
1775,0,1.7028681534434327
1776,0,3.661194310937617
1777,0,1.7631349216576382
1778,0,1.0121276140096143
1779,0,1.1732740117172398
1780,0,0.7525952991707072
1781,0,0.2409999999995307
1782,0,0.25499999999988177
1783,0,0.6553276094909961
1784,0,0.8040094987109114
1785,0,0.5300568951831792
1786,0,0.8341219615979298
1787,0,1.089147484341538
1788,0,0.9293370373241032
1789,0,0.8915656796318672
1790,0,0.5796736524252992
1791,0,0.9877601812916055
1792,0,1.41269012821067
1793,0,2.220725920230734
1794,0,2.35599999999954
1795,0,1.7666320828673179
1796,0,1.6940250252785063
1797,0,0.7361516204746295
1798,0,1.9681306531256268
1799,0,2.1836139257595732
1800,0,1.070269011936034
1801,0,0.5880519902614196
1802,0,1.6217096418522488
1803,0,0.370354810057961
1804,0,0.9539385811990542
1805,0,0.1577066087422736
1806,0,0.08899999999971442
1807,0,0.337574094823367
1808,0,1.7194110192479002
1809,0,1.6321019372692263
1810,0,1.862261091321443
1811,0,0.474250931236611
1812,0,1.1374009260996445
1813,0,0.4419999999997799
1814,0,0.7609999999995125
1815,0,1.5065700143215963
1816,0,1.4974661443659443
1817,0,2.594547774813009
1818,0,2.1918587143709374
1819,0,1.1725573521266597
1820,0,0.9289999999996326
1821,0,1.0165796269579914
1822,0,1.5043078311582576
1823,0,0.6801125418828633
1824,0,0.40635695851915443
1825,0,0.3629923874382257
1826,0,0.6706506540419923
1827,0,0.18639143973678074
1828,0,1.0406085602626263
1829,0,0.7364479749253405
1830,0,1.0970408203711486
1831,0,1.1718061617739295
1832,0,1.4789999999998145
1833,0,0.4952584082245721
1834,0,1.2664466347034704
1835,0,0.8682638745538043
1836,0,0.8517348690122617
1837,0,0.6492920694802251
1838,0,0.9625737146516258
1839,0,1.8139762520256681
1840,0,2.5111150133459432
1841,0,1.1821708298527938
1842,0,2.1240000000000236
1843,0,1.2668733770751714
1844,0,0.35900455794217123
1845,0,0.7609954420570375
1846,0,1.088708786428242
1847,0,1.7513967943277748
1848,0,0.5462263225469997
1849,0,1.065054713490781
1850,0,0.7056133832049909
1851,0,1.542398260932714
1852,0,0.9436017390669349
1853,0,1.0515767773929383
1854,0,1.4707554706214978
1855,0,1.9248892029258968
1856,0,1.1890923690757518
1857,0,1.085761588418336
1858,0,0.8709245915640622
1859,0,1.7806595300321533
1860,0,1.166019270457582
1861,0,1.4812856888554506
1862,0,1.6729044721150785
1863,0,1.907685843463696
1864,0,1.1041470129955542
1865,0,0.5692981820784553
1866,0,0.9095313430391343
1867,0,1.1062687920557437
1868,0,0.8722628079249262
1869,0,0.22193705697941368
1870,0,0.3009999999997035
1871,0,0.6116891791032231
1872,0,0.38309981134671034
1873,0,0.8564787301322667
1874,0,0.358732279416472
1875,0,0.8965262428857841
1876,0,0.6074737571136666
1877,0,0.41766833332303577
1878,0,0.8073316666764185
1879,0,0.23199999999974352
1880,0,0.250999999999749
1881,0,0.4919999999997344
1882,0,0.39499999999975444
1883,0,1.490999999999758
1884,0,0.6929999999999836
1885,0,0.41299999999955617
1886,0,0.4089999999998781
1887,0,0.8975172558091344
1888,0,0.4485016118239855
1889,0,0.669981132366047
1890,0,1.0602659177891383
1891,0,1.2027340822107817
1892,0,0.29799999999977445
1893,0,0.9294020754462053
1894,0,0.6365979245531435
1895,0,0.1059999999995398
1896,0,1.8169999999995525
1897,0,0.6849112620475353
1898,0,1.7961267361476985
1899,0,3.458376296132201
1900,0,3.457845811205516
1901,0,1.735739894464814
1902,0,0.42299999999977445
1903,0,0.5869999999995343
1904,0,0.5364129739909913
1905,0,0.257587026008423
1906,0,0.18899999999962347
1907,0,0.9863710231784353
1908,0,1.1859318466836157
1909,0,2.367148418676379
1910,0,2.4031153685491518
1911,0,1.5564333429110775
1912,0,0.1768167514783272
1913,0,1.4509902898887503
1914,0,0.41209992662697914
1915,0,0.5530930320051084
1916,0,0.7958503542956805
1917,0,0.9921496457034209
1918,0,0.9323632035409446
1919,0,0.403636796458386
1920,0,1.398238822110443
1921,0,1.3249194930137946
1922,0,0.9687617514496196
1923,0,1.0753838386665393
1924,0,1.5040870014029224
1925,0,1.6629647387730984
1926,0,1.780966526164093
1927,0,3.113650110441995
1928,0,2.696609505257129
1929,0,1.7257839294716177
1930,0,1.831634283244739
1931,0,2.0581325500240837
1932,0,0.18884027721196617
1933,0,0.352027172762746
1934,0,0.20702034085388732
1935,0,0.9366751084996849
1936,0,0.89428123896937
1937,0,0.8434191230828674
1938,0,0.22919353959582622
1939,0,1.4754106489967853
1940,0,1.1874837742511772
1941,0,0.4164582505220551
1942,0,1.3956229675682152
1943,0,1.5524011186462303
1944,0,1.6309999999996307
1945,0,2.226345828304602
1946,0,1.4218503969898393
1947,0,2.3389114041649464
1948,0,0.7069262595500732
1949,0,0.6769999999996799
1950,0,0.33488377808680525
1951,0,1.8717720825291053
1952,0,2.7462591235416767
1953,0,2.4606450919682175
1954,0,1.2964091070371069
1955,0,1.233964859861544
1956,0,0.4232495255835147
1957,0,1.4208164313902216
1958,0,1.3339999999998327
1959,0,0.7720996903456125
1960,0,0.39292761725573655
1961,0,2.6880381532835145
1962,0,1.53253904769349
1963,0,0.6033954914205424
1964,0,0.21099999999955799
1965,0,0.8439999999998236
1966,0,0.3869999999999436
1967,0,0.18099999999981264
1968,0,0.9200061996430122
1969,0,1.0189938003561565
1970,0,0.43031256890753866
1971,0,2.6621404746306325
1972,0,1.5886361955761004
1973,0,2.2566465956433603
1974,0,0.34526416524067827
1975,0,1.3500945643261275
1976,0,1.2539054356732322
1977,0,0.5259999999996126
1978,0,0.2809999999997217
1979,0,0.21399999999971442
1980,0,0.3899999999996453
1981,0,0.01899999999955071
1982,0,0.6709999999998217
1983,0,0.013999999999668944
1984,0,1.2232139557588653
1985,0,0.4027860442402016
1986,0,0.9354411858571439
1987,0,1.2179999999998472
1988,0,2.5197032670830595
1989,0,2.4230115514558292
1990,0,1.431547262686081
1991,0,1.965043995058295
1992,0,1.060252737857354
1993,0,0.9766276842813113
1994,0,1.688771211493986
1995,0,1.5990332772128113
1996,0,1.9375317412554978
1997,0,2.291180011230381
1998,0,2.7528379497625792
1999,0,2.449828980405755
2000,0,1.4056314070599
2001,0,0.36155773729456087
2002,0,0.20099999999956708
2003,0,0.4639999999997144
2004,0,0.635858902614018
2005,0,0.6463554447045681
2006,0,0.878253943332993
2007,0,0.8615317093474459
2008,0,0.43099999999958527
2009,0,0.8402838259567034
2010,0,1.16371617404252
2011,0,0.5649999999995998
2012,0,0.9346659019465733
2013,0,1.8643941746731798
2014,0,1.0716058253262872
2015,0,1.1559470431293448
2016,0,1.2623870549230105
2017,0,0.5609999999999218
2018,0,1.6985576328993375
2019,0,1.4302963761047067
2020,0,2.4071078676340676
2021,0,2.1666962870174302
2022,0,1.449303712981873
2023,0,1.4376156229934622
2024,0,2.28338311579364
2025,0,1.5720135271787967
2026,0,2.0511451968091023
2027,0,1.4515560413287858
2028,0,0.7513246192559109
2029,0,0.35299999999961074
2030,0,0.5438628539277488
2031,0,2.209631154381441
2032,0,1.8216536888432984
2033,0,2.1276206904049104
2034,0,1.1491761999059236
2035,0,1.3986152799018328
2036,0,0.6528563849878992
2037,0,1.1819845779255047
2038,0,0.6047498612304025
2039,0,1.1525525303138693
2040,0,0.9552967781739881
2041,0,0.2539999999999054
2042,0,0.2889999999995325
2043,0,0.9885382845195636
2044,0,1.119461715479929
2045,0,0.8762520609225248
2046,0,1.0875674733924825
2047,0,1.3940195037896501
2048,0,1.2236955350826975
2049,0,1.214465426814968
2050,0,0.6507741588652607
2051,0,0.3592258411408693
2052,0,0.6180000000017571
2053,0,1.024000000002161
2054,0,0.7950000000018917
2055,0,0.518892881087595
2056,0,0.63910711891549
2057,0,0.3570000000017899
2058,0,0.8610000000030595
2059,0,0.13629796531040483
2060,0,0.7411659727745246
2061,0,0.9691657590128671
2062,0,0.34837030291464544
2063,0,1.1162330564793592
2064,0,0.8467669435253811
2065,0,0.9374685617190153
2066,0,1.908983748027822
2067,0,1.6412923763900835
2068,0,1.411925609444097
2069,0,3.150234953647214
2070,0,2.0568337681838784
2071,0,2.077913398635701
2072,0,1.382347583974024
2073,0,0.38087490392081236
2074,0,0.113125096083877
2075,0,0.7880000000022847
2076,0,0.7046678570045515
2077,0,1.2453321430002688
2078,0,0.9423880548279158
2079,0,1.4849098144463824
2080,0,0.7357021307334435
2081,0,0.6431927983439891
2082,0,0.499057307944895
2083,0,0.9484699695162817
2084,0,0.7702799242028959
2085,0,0.9186623206801414
2086,0,1.5728827070206535
2087,0,1.626945857766259
2088,0,1.6475070508236058
2089,0,1.2155058546245527
2090,0,1.200295225404716
2091,0,1.0819622326971512
2092,0,1.346412772734766
2093,0,1.9903275174488044
2094,0,1.4610000000025138
2095,0,1.4577155382462479
2096,0,1.74293565310154
2097,0,1.3016256911510027
2098,0,1.2104986502927204
2099,0,0.9694705485430859
2100,0,0.9472523795038796
2101,0,0.8830000000016298
2102,0,0.880304110261477
2103,0,1.9086958897437398
2104,0,0.1333353988466115
2105,0,1.4690000000032342
2106,0,1.4973070631681367
2107,0,1.0155854202921546
2108,0,0.6082071262894715
2109,0,1.4745649914161731
2110,0,0.7090000000030159
2111,0,0.8841112677855563
2112,0,0.48625502276763655
2113,0,0.636316877563786
2114,0,0.7734223689139981
2115,0,1.9489375436205592
2116,0,1.9644374159497602
2117,0,2.3100652530811203
2118,0,1.607454250335195
2119,0,0.38358981694818794
2120,0,0.6007375912872703
2121,0,1.6826598769494012
2122,0,2.210770703208709
2123,0,1.300242011618593
2124,0,0.30500000000347427
2125,0,0.18370963545567065
2126,0,1.0382392669234832
2127,0,0.5770510976312835
2128,0,0.5165565749912275
2129,0,0.3404434250128361
2130,0,0.5656996529382923
2131,0,1.9073003470675758
2132,0,0.8106448270691544
2133,0,2.2455703194223133
2134,0,3.374030690858035
2135,0,3.8554376886263526
2136,0,2.1601192829484717
2137,0,1.7237965432800593
2138,0,2.540294372972312
2139,0,2.6788013227574083
2140,0,2.204279649775799
2141,0,2.107042287942477
2142,0,1.6349830143722102
2143,0,0.6510000000012042
2144,0,0.23500000000194632
2145,0,0.5900000000037835
2146,0,0.8060000000023138
2147,0,1.1514198922013748
2148,0,0.3958626362182258
2149,0,2.006847129851394
2150,0,1.4980000000027758
2151,0,0.6628703417413817
2152,0,0.49475051516674284
2153,0,1.4892494848390925
2154,0,1.0634032664729602
2155,0,1.204303411159799
2156,0,0.9627373685607381
2157,0,1.2670197175161775
2158,0,0.7865362363008899
2159,0,0.3490000000024338
2160,0,0.2890000000024884
2161,0,0.7205001924580756
2162,0,0.5082697949601425
2163,0,0.5222300125892616
2164,0,0.6434605693507365
2165,0,1.2136917542620722
2166,0,1.040202353060522
2167,0,0.7775599457004319
2168,0,1.3800913051504722
2169,0,2.7278874011367407
2170,0,1.1461933546443106
2171,0,1.9823406827522376
2172,0,1.4183057787386133
2173,0,1.463236888686879
2174,0,1.5027631113180178
2175,0,1.0483419711749775
2176,0,0.7399248840561086
2177,0,0.7815406753820753
2178,0,2.142084732442072
2179,0,1.3353745921840527
2180,0,0.603000000000975
2181,0,0.12800000000333966
2182,0,0.05042744222282636
2183,0,0.24157255778345643
2184,0,0.5135819645020092
2185,0,1.125000000001819
2186,0,2.1640000000043074
2187,0,1.1856470479001473
2188,0,0.7217709876044864
2189,0,1.1592976576639558
2190,0,1.7845833398982904
2191,0,2.1120000000028085
2192,0,1.161119002446867
2193,0,0.9956895003051613
2194,0,1.27764578957931
2195,0,0.8658873769850288
2196,0,1.8618195237186228
2197,0,1.8350009816003876
2198,0,1.7833718054171186
2199,0,2.006653987363734
2200,0,1.0664344497636193
2201,0,0.8824965852872992
2202,0,1.3420575902841847
2203,0,0.5439424097226038
2204,0,0.1174184122405677
2205,0,0.8535815877648929
2206,0,0.5836262850834828
2207,0,1.1890000000016698
2208,0,0.4913737149231565
2209,0,0.47000000000207365
2210,0,0.294000000001688
2211,0,1.5874470598378139
2212,0,2.1230566994372566
2213,0,2.762755172052948
2214,0,2.2717110886151204
2215,0,0.7370299800682005
2216,0,1.5401296145682863
2217,0,0.21887038543673043
2218,0,0.5701265703514764
2219,0,0.9338734296543407
2220,0,0.895526756698473
2221,0,0.6734732433069439
2222,0,0.6160000000040782
2223,0,0.7710000000020045
2224,0,0.987766959262899
2225,0,1.0929974540476906
2226,0,0.6098859468279443
2227,0,0.4483496398697753
2228,0,0.8746722273781415
2229,0,0.3603277726260785
2230,0,1.0210000000024593
2231,0,0.8105257662282384
2232,0,1.2601313619934444
2233,0,2.774737004817325
2234,0,3.368000000003576
2235,0,2.219941901378661
2236,0,1.5477579532839627
2237,0,1.822799353798473
2238,0,0.9654452592708367
2239,0,0.6036613992555431
2240,0,1.0784790872867234
2241,0,1.3074076966340726
2242,0,0.9281132160886045
2243,0,0.8156221196195474
2244,0,0.28844853254577174
2245,0,0.7719293478417057
2246,0,1.2529401064025478
2247,0,2.2174520921967087
2248,0,2.309356490135542
2249,0,1.1970416599042437
2250,0,0.7720510799554177
2251,0,0.792670462121805
2252,0,0.5144881092992364
2253,0,0.5160000000023501
2254,0,1.139819311073552
2255,0,1.9176704199367123
2256,0,2.2953633992719915
2257,0,2.019200039429961
2258,0,1.577017956790769
2259,0,0.25292887350951787
2260,0,1.4334189573628464
2261,0,0.5765810426432836
2262,0,0.7070000000016989
2263,0,0.5180080973595977
2264,0,1.5712802613156782
2265,0,1.6285384242783039
2266,0,1.8235145412236307
2267,0,0.722949676106964
2268,0,2.534581531796448
2269,0,1.416569042453375
2270,0,1.256558425487583
2271,0,1.3733415926453745
2272,0,2.5407078809475934
2273,0,2.1170395925969387
2274,0,1.6220000000048458
2275,0,1.1729109338216404
2276,0,0.3520000000021355
2277,0,0.7861414297481133
2278,0,0.5748585702558557
2279,0,1.5688352427050631
2280,0,1.3184360403593018
2281,0,0.6931266053206855
2282,0,0.9557253054158537
2283,0,0.33187680621449545
2284,0,1.023819116588129
2285,0,1.0512359303920675
2286,0,1.0752208969643107
2287,0,0.8668037004918006
2288,0,0.9814796641162502
2289,0,1.0834406914650572
2290,0,0.12313715572827277
2291,0,1.4166158737821206
2292,0,0.6072469704968171
2293,0,0.1770000000019536
2294,0,0.6650000000026921
2295,0,0.6610000000027867
2296,0,0.725000000003547
2297,0,0.5301336407210329
2298,0,1.0067484600131138
2299,0,0.40811789927374775
2300,0,0.027000000002317393
2301,0,0.5301886685742829
2302,0,0.23927872814101647
2303,0,0.21853260329271507
2304,0,0.2950000000023465
2305,0,1.1510000000021137
2306,0,0.6890000000016698
2307,0,1.120388945432751
2308,0,0.5466110545726224
2309,0,1.1188060272738767
2310,0,0.39219397273336654
2311,0,0.7827450107420191
2312,0,1.1279373119227785
2313,0,0.2923176773429077
2314,0,0.9536673671946119
2315,0,1.7397178694695867
2316,0,2.4860098267467947
2317,0,2.0460228636366082
2318,0,2.827439657355626
2319,0,1.2408929754574274
2320,0,1.536249440159736
2321,0,0.2900000000017826
2322,0,1.6130107631197461
2323,0,1.5899892368852306
2324,0,0.36509296919848566
2325,0,0.9449070308073715
2326,0,0.7367100571523224
2327,0,1.495823888416453
2328,0,0.9469528402428296
2329,0,1.4917883309099125
2330,0,0.5387248832898877
2331,0,1.184763888202724
2332,0,0.945135423974989
2333,0,1.7308718714798488
2334,0,2.4344783692336023
2335,0,2.9931749167872113
2336,0,3.4775820071572525
2337,0,2.341427938810739
2338,0,0.7114176847517228
2339,0,1.2040473931351698
2340,0,0.22110050649507684
2341,0,1.4834641442676002
2342,0,1.1235106961976271
2343,0,1.1695747904041127
2344,0,0.6362784357252167
2345,0,0.7531719334178888
2346,0,0.5750000000020918
2347,0,0.2741012641827183
2348,0,1.2767867671759632
2349,0,1.5970000000029358
2350,0,0.01911196864921294
2351,0,0.34500000000389264
2352,0,0.7960000000020955
2353,0,0.7044408795877644
2354,0,0.7009383801382683
2355,0,1.0019006587558579
2356,0,0.7047200815272845
2357,0,0.4896590219686914
2358,0,0.7241784571292555
2359,0,1.565529050701116
2360,0,1.1386096819724116
2361,0,0.9555899274955664
2362,0,0.6794338607510326
2363,0,0.9498885836806039
2364,0,2.244928225377407
2365,0,0.49518319095159313
2366,0,0.7400000000025102
2367,0,0.8567845628608666
2368,0,2.078397654958735
2369,0,1.318591062707128
2370,0,1.0758927553733884
2371,0,1.2619497730324838
2372,0,1.0568804347576588
2373,0,0.6875037563272599
2374,0,1.1813195664008163
2375,0,1.1432875151440385
2376,0,0.8403929184628396
2377,0,0.25800000000299406
2378,0,1.7130000000038308
2379,0,0.8126933331150212
2380,0,2.052908641337126
2381,0,2.392159011745207
2382,0,1.7272606893429838
2383,0,1.4859783244692153
2384,0,1.7770000000032269
2385,0,1.6533613023898397
2386,0,1.0314466099612218
2387,0,0.8744826338033818
2388,0,0.5107094538593628
2389,0,1.0297706858482343
2390,0,1.6905762752176088
2391,0,0.6865593967550012
2392,0,1.3683568642791215
2393,0,1.5346390396048264
2394,0,1.760009795809765
2395,0,0.8193308253025862
2396,0,1.2817571172054159
2397,0,0.408000000003085
2398,0,0.43788716228255
2399,0,1.4082997267660176
2400,0,2.0549116600068373
2401,0,1.0390000000038526
2402,0,2.1934473064970916
2403,0,0.8064541444596216
2404,0,1.3744339252475584
2405,0,1.701630203280729
2406,0,3.8256548788431246
2407,0,2.7802984514019045
2408,0,2.8770917566580465
2409,0,1.656632667073609
2410,0,1.1562581175116975
2411,0,1.080512364972492
2412,0,2.1574750635477358
2413,0,2.9688063175613024
2414,0,2.062210072691414
2415,0,1.973152579077123
2416,0,0.7638436021643429
2417,0,1.3309593939693514
2418,0,1.3160406060387686
2419,0,0.5860029091568322
2420,0,1.2639970908458054
2421,0,1.7490711408900097
2422,0,2.164564635204897
2423,0,1.4933642239120672
2424,0,0.8320000000035179
2425,0,1.369200269266912
2426,0,2.244824318562223
2427,0,1.700561135319731
2428,0,1.1972887025881391
2429,0,0.6221255742734684
2430,0,1.34203099551587
2431,0,1.4586284713527675
2432,0,0.8333405331395625
2433,0,0.8750000000031832
2434,0,0.07600000000320506
2435,0,0.5030000000033397
2436,0,0.8537359443485002
2437,0,1.193679361113027
2438,0,3.0275488784491245
2439,0,2.6890000000025793
2440,0,2.527352559199244
2441,0,0.7166832569037069
2442,0,0.35930215526104803
2443,0,0.40869784474443804
2444,0,0.010000000002037268
2445,0,1.1540508143975785
2446,0,0.5579491856096865
2447,0,1.4117774734991144
2448,0,0.7392225265057277
2449,0,0.37800000000424916
2450,0,1.1536686080548861
2451,0,1.4375632881456113
2452,0,0.8877681038097762
2453,0,0.7310000000024957
2454,0,0.7099227360899931
2455,0,1.7006727358884746
2456,0,1.3331148993311217
2457,0,0.7540855890097191
2458,0,1.299722752474736
2459,0,0.5698392052704548
2460,0,0.37172661216891356
2461,0,1.2094120406095499
2462,0,2.5241803142725985
2463,0,1.8693231149113672
2464,0,0.5328160713179386
2465,0,1.1027316799186337
2466,0,0.4795686783777455
2467,0,0.8402155647363543
2468,0,0.20066800566155507
2469,0,0.3660000000031687
2470,0,1.1420000000025539
2471,0,1.2346057780600859
2472,0,0.33239422194492363
2473,0,0.7449941746540389
2474,0,1.2443003413782208
2475,0,1.140909934483716
2476,0,1.7631076211246182
2477,0,2.4882715900803305
2478,0,2.2973349453500305
2479,0,1.3152184856553504
2480,0,2.2004979210287274
2481,0,0.9646404606787655
2482,0,1.9899434948724775
2483,0,2.1883400731499023
2484,0,0.47544095757484683
2485,0,0.12500000000363798
2486,0,0.5270000000023174
2487,0,0.1770000000028631
2488,0,0.7766368679504012
2489,0,1.5990000000028886
2490,0,1.0973631320557615
2491,0,0.9790543193439589
2492,0,0.8352500002824854
2493,0,0.2686956803827343
2494,0,0.9470000000019354
2495,0,1.411294854690368
2496,0,1.9426177043596908
2497,0,4.295043967159472
2498,0,3.0486329889013177
2499,0,3.0990702855137897
2500,0,1.7299678497929563
2501,0,1.6061793705421223
2502,0,0.42819297906316933
2503,0,1.3041700170992954
2504,0,1.2378299829083517
2505,0,1.0880000000020118
2506,0,0.47767761646673534
2507,0,0.1723223835410863
2508,0,0.4050000000042928
2509,0,0.14299278879980193
2510,0,1.2587026546507332
2511,0,0.75823984179533
2512,0,1.5636974856156485
2513,0,2.124108770471139
2514,0,0.3762584586847879
2515,0,0.8874091062157277
2516,0,0.09959089378980934
2517,0,1.9538696696181432
2518,0,1.1916967054494307
2519,0,3.5872957166716333
2520,0,3.1630954131746876
2521,0,3.2243873063166575
2522,0,1.968655188784851
2523,0,1.1187279932569254
2524,0,1.2142720067481605
2525,0,2.560542464117134
2526,0,2.5591938982879583
2527,0,2.930245089359687
2528,0,1.7902726584029551
2529,0,1.30357317764674
2530,0,0.957172712198826
2531,0,0.8558269834820749
2532,0,0.9878272150845078
2533,0,1.209397090073253
2534,0,1.2884849164647676
2535,0,1.5174637949121461
2536,0,1.1880000000041946
2537,0,0.6220000000016626
2538,0,0.8730000000036853
2539,0,1.5807649122207295
2540,0,1.146000000002914
2541,0,1.8086199259655587
2542,0,1.366002243667026
2543,0,1.63600000000406
2544,0,1.6929575894264417
2545,0,0.7006553287365023
2546,0,1.1124445587270202
2547,0,0.8520870700772321
2548,0,1.9893030935604656
2549,0,2.6849715871953777
2550,0,1.0761936904536924
2551,0,0.6790000000037253
2552,0,0.3460000000018226
2553,0,2.048560332588295
2554,0,1.510284506253356
2555,0,1.5791184272989085
2556,0,1.5488815727062502
2557,0,1.933885063260277
2558,0,0.8212519072408213
2559,0,1.335845881266323
2560,0,0.8961723094107583
2561,0,0.3132423420693158
2562,0,0.5208814323959814
2563,0,1.570628133119044
2564,0,1.3812200486213442
2565,0,2.316000000002987
2566,0,1.670502210108225
2567,0,1.2125258337009654
2568,0,0.7889531652076585
2569,0,0.7690468347987007
2570,0,1.1480000000033215
2571,0,1.1134322182424512
2572,0,1.8028834688157076
2573,0,1.4280000000021573
2574,0,3.720447631222214
2575,0,3.1006526720320835
2576,0,3.2198349191548914
2577,0,1.2817490905495106
2578,0,0.6030871111120177
2579,0,0.8719128888951673
2580,0,1.5140000000028522
2581,0,0.6920000000031905
2582,0,0.955000000002201
2583,0,1.412000000002081
2584,0,0.9777024832164898
2585,0,1.51014893529873
2586,0,1.8918510647063158
2587,0,2.0769386951947126
2588,0,1.7614946569810854
2589,0,1.5394972741164565
2590,0,1.185366890504156
2591,0,0.7390000000027612
2592,0,0.14900000000307045
2593,0,0.6054730845830818
2594,0,1.0430334601169307
2595,0,2.39625296797567
2596,0,2.5524282340520585
2597,0,3.2886351572587955
2598,0,3.1484242235310376
2599,0,2.11771670554117
2600,0,2.341602505757237
2601,0,1.920210807836611
2602,0,1.375000000001819
2603,0,1.0160367548151044
2604,0,0.10918609856025796
2605,0,0.5487276373623899
2606,0,2.0680719916294947
2607,0,3.3336110492664375
2608,0,2.15115454302304
2609,0,1.728782624397354
2610,0,1.952754022647241
2611,0,0.511898131691396
2612,0,0.44029581150789454
2613,0,1.5037409126207422
2614,0,2.2689360339577433
2615,0,0.9250272419267276
2616,0,0.9435908322247997
2617,0,1.199289284290444
2618,0,1.994784143628749
2619,0,0.43333573986956253
2620,0,0.4324239207721803
2621,0,0.3180075665732147
2622,0,1.1482086484838874
2623,0,1.1514870387045448
2624,0,0.8950347573118052
2625,0,0.4288380681664421
2626,0,1.2336100518064086
2627,0,1.8550000000013824
2628,0,1.8090000000015607
2629,0,1.9872833791214362
2630,0,0.8785542717409953
2631,0,0.849552297342143
2632,0,0.6318633877413049
2633,0,0.5089367633950133
2634,0,0.9061998488705285
2635,0,0.5742664138970213
2636,0,0.7467335861101674
2637,0,0.6377517928408452
2638,0,1.4630128741932822
2639,0,1.1922353329732687
2640,0,0.747298865212997
2641,0,0.7367306434471175
2642,0,1.2014342682555252
2643,0,0.8449642831888013
2644,0,2.0965785822209
2645,0,2.0789601708734153
2646,0,0.5680331868211397
2647,0,0.6812190579275921
2648,0,1.4408874615419336
2649,0,0.41289348053715
2650,0,0.3884806892069719
2651,0,0.6745193107981322
2652,0,0.20500000000220098
2653,0,1.4936914211225485
2654,0,0.4783085788826611
2655,0,0.27433060707744517
2656,0,0.6546117922175654
2657,0,0.853057600712873
2658,0,0.8754764662321577
2659,0,0.706187795184178
2660,0,1.3473357385896634
2661,0,1.4624475493442333
2662,0,0.7749079174482176
2663,0,2.638974082164168
2664,0,2.2154412866107123
2665,0,2.803717315020549
2666,0,4.5580391657354085
2667,0,2.8254809291534
2668,0,0.5289917545483149
2669,0,1.5557099275388282
2670,0,0.9865036719234013
2671,0,0.6527864005433912
2672,0,0.9962252358432124
2673,0,1.3632151601545957
2674,0,1.0656981211309358
2675,0,1.212861482883909
2676,0,0.9634902721968501
2677,0,1.7179158887238373
2678,0,1.5962477594462143
2679,0,1.2370175149817442
2680,0,1.6279757857137156
2681,0,1.3319725056239804
2682,0,0.45677810126881013
2683,0,1.4033639187550762
2684,0,3.542815028960831
2685,0,2.853623179216356
2686,0,3.9289466592872486
2687,0,3.093394639957296
2688,0,2.6500002688003406
2689,0,1.931477126241134
2690,0,1.4969813508660081
2691,0,1.5482817809847802
2692,0,1.6293918451938225
2693,0,2.6910768631319115
2694,0,1.9031411482851581
2695,0,0.8311083624216735
2696,0,0.5992270076453678
2697,0,1.4148992546174668
2698,0,1.7167591534866915
2699,0,1.1585842468571173
2700,0,0.4874466089654561
2701,0,1.4660837284436639
2702,0,0.9607089280580112
2703,0,1.372585439649356
2704,0,1.9973255123022682
2705,0,1.095899866052605
2706,0,0.7543248213869447
2707,0,2.009515231116893
2708,0,1.9664995192274546
2709,0,0.9941406822290446
2710,0,0.6129598695406457
2711,0,0.8848677402352223
2712,0,0.0641041354506342
2713,0,0.7903421097480532
2714,0,0.7309095686650835
2715,0,0.7812123085759595
2716,0,0.8041789668686761
2717,0,1.0153138154601038
2718,0,1.1130000000043765
2719,0,1.8230000000030486
2720,0,1.501111485481033
2721,0,1.4426122148847753
2722,0,1.2233877851213038
2723,0,0.6848575006151805
2724,0,1.21314249938996
2725,0,0.7800302001705859
2726,0,0.4222762064378003
2727,0,0.7020776667486643
2728,0,1.3366159266538489
2729,0,0.5130000000026484
2730,0,2.1765953976228047
2731,0,1.834765579564646
2732,0,0.815639022819596
2733,0,0.7310000000038599
2734,0,0.4140000000015789
2735,0,0.4842626925233162
2736,0,0.32742354077254276
2737,0,0.8065485313331919
2738,0,1.6070000000026994
2739,0,1.3250212063944673
2740,0,0.10770224878388035
2741,0,0.42004178020670224
2742,0,0.4355910325775767
2743,0,0.1934089674268762
2744,0,0.5057964265711234
2745,0,0.23220357343598153
2746,0,0.7396830095331097
2747,0,1.4830000000019936
2748,0,1.4340000000024702
2749,0,1.7543169904729439
2750,0,1.0010000000011132
2751,0,0.5430000000023938
2752,0,0.6072163192634434
2753,0,1.0437836807418535
2754,0,0.37790316437985894
2755,0,1.5680968356255107
2756,0,0.7635101924461196
2757,0,1.5429034549883909
2758,0,0.9695863525739696
2759,0,1.364644500540635
2760,0,0.39535549946504034
2761,0,1.0470000000036634
2762,0,0.07100000000218643
2763,0,0.9338771568882294
2764,0,1.9121236768978633
2765,0,1.4729405953098649
2766,0,2.27947981060197
2767,0,1.0915105921890245
2768,0,0.4160681681287315
2769,0,1.1490238866622349
2770,0,1.381976113341807
2771,0,0.22127096904705468
2772,0,0.4742134858565805
2773,0,0.41451554510240385
2774,0,1.1146655907100467
2775,0,0.7883344092947482
2776,0,0.5530000000026121
2777,0,0.23900000000230648
2778,0,0.8172568610448252
2779,0,0.40432744152894884
2780,0,0.7044156974311591
2781,0,0.2890000000024884
2782,0,0.04188531874797263
2783,0,1.1288581009443988
2784,0,0.49725658031638886
2785,0,1.0097325476140213
2786,0,0.5832784872736738
2787,0,0.6879889651213489
2788,0,1.4473529576648616
2789,0,1.4713087855197955
2790,0,1.4006968238686568
2791,0,2.1571807700652244
2792,0,1.4355488243140826
2793,0,0.8372505537813595
2794,0,0.5258423468549154
2795,0,0.525818937952863
2796,0,0.974428933735453
2797,0,1.4753282234200924
2798,0,1.2767864403804197
2799,0,0.6774564024767642
2800,0,0.56800000000203
2801,0,0.5720000000023902
2802,0,0.5030791163781032
2803,0,2.328426285300793
2804,0,2.8177616505499827
2805,0,2.4550000000017462
2806,0,1.6870465089659774
2807,0,1.8670000000020082
2808,0,1.1026163416872805
2809,0,0.7311876097573986
2810,0,0.7061789702815986
2811,0,0.8447035171011521
2812,0,0.7457472855571723
2813,0,0.3490232279846168
2814,0,0.7682294864648611
2815,0,0.8015604513634571
2816,0,0.9431953883304232
2817,0,1.5950000000025284
2818,0,1.718287718035299
2819,0,0.9389564422822332
2820,0,0.3239920658261326
2821,0,0.5505780364032944
2822,0,0.25442989777729963
2823,0,1.0850000000018554
2824,0,1.0260000000021137
2825,0,1.0303837022515836
2826,0,1.373616297753415
2827,0,0.1535618717525722
2828,0,0.21143812825494024
2829,0,0.8323184898094951
2830,0,0.857681510196926
2831,0,0.7110000000025138
2832,0,0.42332849144077045
2833,0,0.30967150856304215
2834,0,0.3840000000031978
2835,0,0.5945390683727965
2836,0,0.723460931633781
2837,0,0.8273803580864296
2838,0,0.6216196419177322
2839,0,0.28600000000233194
2840,0,1.3471964620007384
2841,0,0.1158035380040019
2842,0,1.0550000000034743
2843,0,1.0723241342420806
2844,0,1.088643312088152
2845,0,0.6825461054072548
2846,0,1.0864864482755365
2847,0,0.3450381176312476
2848,0,0.5279618823756209
2849,0,1.79866652983128
2850,0,1.6594417200085445
2851,0,1.5926863206022972
2852,0,0.8269098179548564
2853,0,0.7068544422372725
2854,0,0.8802491037740765
2855,0,0.7418278018931233
2856,0,1.7103154726046341
2857,0,2.2370000000014443
2858,0,2.4127702317932744
2859,0,1.430278559324961
2860,0,0.6152763799659624
2861,0,0.819723620037621
2862,0,1.2060000000028595
2863,0,1.3399397170392149
2864,0,1.5120356916886522
2865,0,0.4940245912807768
2866,0,1.367716841931724
2867,0,1.3842766908078374
2868,0,1.800270422914764
2869,0,1.7017360443542202
2870,0,0.39481883576718246
2871,0,0.696181164238169
2872,0,0.7414964259019143
2873,0,0.8428129241056013
2874,0,0.9996906499982288
2875,0,0.8289442219406737
2876,0,0.3740864541191513
2877,0,0.8867604509846387
2878,0,1.0171144285136506
2879,0,0.4220944444532506
2880,0,0.4912261867698362
2881,0,0.6017738132363775
2882,0,0.8776496265058995
2883,0,1.0313503734992082
2884,0,1.2201999690078082
2885,0,0.6423088924861986
2886,0,1.8914911385145388
2887,0,0.9629543656596979
2888,0,0.289045634345257
2889,0,0.6373464319194682
2890,0,0.19165356808662182
2891,0,0.7831847934889993
2892,0,0.5272844401415568
2893,0,2.273887893239589
2894,0,1.3606541691333405
2895,0,2.1590794881699367
2896,0,4.076941616656313
2897,0,3.2716653147194847
2898,0,1.3468172896646138
2899,0,2.3038053137229326
2900,0,0.4556796810884407
2901,0,0.7961919950976153
2902,0,1.0818080049084529
2903,0,0.5240000000035252
2904,0,0.23300000000153887
2905,0,0.8000404277754569
2906,0,1.1649595722296908
2907,0,0.015000000003055902
2908,0,0.9400000000023283
2909,0,0.4271251083887364
2910,0,0.8815822837505038
2911,0,0.3393064237784529
2912,0,1.4449342993793834
2913,0,0.34415019448852036
2914,0,0.960401300239937
2915,0,1.350500389991339
2916,0,1.2930519786036712
2917,0,0.7469480213994757
2918,0,0.24800000000186628
2919,0,0.5420000000030996
2920,0,0.4319516335458502
2921,0,0.5680483664605163
2922,0,0.7839777242475066
2923,0,1.4205006949937342
2924,0,1.6573120125112837
2925,0,2.3573755857428296
2926,0,1.061833982519147
2927,0,0.4670000000028267
2928,0,0.7139130336363451
2929,0,1.077167515673409
2930,0,0.4569194507002976
2931,0,0.15292376703700938
2932,0,1.1740762329682184
2933,0,0.49926580569263024
2934,0,0.4524034170303821
2935,0,1.6227299201741516
2936,0,1.6246521531170401
2937,0,2.1844698266977502
2938,0,2.2906261068005733
2939,0,0.775852770505935
2940,0,0.7619034772833402
2941,0,0.9626985196982787
2942,0,0.8999805617236234
2943,0,2.390482964914554
2944,0,2.0142985578640946
2945,0,1.0076111616017442
2946,0,1.0851662031673186
2947,0,1.2400000000020555
2948,0,2.4705871223582108
2949,0,2.011271431412297
2950,0,0.03300000000353975
2951,0,1.2436604862086824
2952,0,2.256399575388059
2953,0,1.4441633178553275
2954,0,1.7001008498878036
2955,0,2.100004525264012
2956,0,1.68367124541237
2957,0,0.2647085861153755
2958,0,1.7962914138897759
2959,0,0.9010000000034779
2960,0,0.46000000000367436
2961,0,1.2088063444734871
2962,0,1.5457032605845598
2963,0,1.9180000000028485
2964,0,1.4280000000030668
2965,0,0.20449039495088073
2966,0,0.9300000000025648
2967,0,1.0759724222539262
2968,0,1.640027184210794
2969,0,2.2022909257616448
2970,0,2.952619887955734
2971,0,1.867598753700804
2972,0,1.1444908261296405
2973,0,1.2005385495308474
2974,0,2.5237275566246353
2975,0,1.618580920335262
2976,0,1.7201529735234544
2977,0,0.4254904147196612
2978,0,0.45250958528549745
2979,0,0.7131038390079993
2980,0,2.597610721921683
2981,0,2.1584230479629696
2982,0,1.5368623911190298
2983,0,0.12335968638763006
2984,0,2.5368244318474353
2985,0,1.7625694683370057
2986,0,1.3324933047770173
2987,0,0.6197531086659183
2988,0,0.5000000000045475
2989,0,0.5612830923155343
2990,0,1.7892559856945809
2991,0,2.038004998678389
2992,0,1.8530379658677703
2993,0,1.0198939310225796
2994,0,0.9001964698654774
2995,0,1.5333857155992519
2996,0,1.2244139998806531
2997,0,0.31252784110120047
2998,0,2.904540685806751
2999,0,3.5044353183852763
3000,0,2.645191669381802
3001,0,1.440832326434247
3002,0,1.196432875685332
3003,0,0.6353021188301682
3004,0,2.374103106741586
3005,0,2.2244113137217028
3006,0,1.2425330420292084
3007,0,2.3489701612415956
3008,0,1.71005382248768
3009,0,1.2579461775176242
3010,0,1.668247381767742
3011,0,0.3890000000028522
3012,0,0.8953836798550583
3013,0,1.00137689451185
3014,0,0.7531239047984855
3015,0,0.6180902862529365
3016,0,1.5585216017825587
3017,0,1.409902334875369
3018,0,0.7951827289716675
3019,0,1.3715560536793419
3020,0,1.8660193619593883
3021,0,1.07331460555406
3022,0,1.2235285477936486
3023,0,0.7410000000022592
3024,0,0.44200000000273576
3025,0,1.1003274411755228
3026,0,0.5435634829923401
3027,0,0.9441090758405153
3028,0,0.49323717098832276
3029,0,0.41176282901597006
3030,0,1.9261694531369358
3031,0,2.1852905562982414
3032,0,1.6907094437051455
3033,0,1.3353072955819698
3034,0,1.9970000000034815
3035,0,2.2907871495549443
3036,0,1.56821285045271
3037,0,0.7622716151649911
3038,0,0.8127762467979665
3039,0,1.291875568326759
3040,0,1.5467080229304884
3041,0,1.0358917980825026
3042,0,0.9612284047525463
3043,0,0.6867908156391422
3044,0,0.9914978536435228
3045,0,0.9427423619322326
3046,0,2.682670179462548
3047,0,0.6230703845876633
3048,0,0.6609033460831597
3049,0,2.0130966539236397
3050,0,0.6695712520559027
3051,0,2.538887235959919
3052,0,1.5467872910912774
3053,0,1.8212127089141177
3054,0,1.38954151199232
3055,0,1.5710000000021864
3056,0,0.29587937097903705
3057,0,0.7051206290257142
3058,0,0.8133637485912004
3059,0,1.180636251413489
3060,0,0.7770000000018626
3061,0,0.39400000000341606
3062,0,1.001503551109181
3063,0,0.4367443937267126
3064,0,0.5106835713299915
3065,0,0.3214790841893773
3066,0,1.6845893996560335
3067,0,0.18608330813094653
3068,0,0.4089166918756746
3069,0,0.44500000000243745
3070,0,0.5540000000019063
3071,0,1.5400000000022374
3072,0,0.4913185240548046
3073,0,0.571283411280092
3074,0,0.08739806467065137
3075,0,0.625087215860276
3076,0,0.5079127841440823
3077,0,0.420000000003256
3078,0,2.0550000000025648
3079,0,0.6980000000021391
3080,0,1.0408359165544425
3081,0,0.6271640834524987
3082,0,0.017000000003463356
3083,0,1.4760000000028413
3084,0,0.6310000000030414
3085,0,0.3078127345879693
3086,0,0.6467673087468029
3087,0,1.0501946989252247
3088,0,0.9572252577499967
3089,0,0.6170000000020082
3090,0,0.7229124929285717
3091,0,0.729365480472552
3092,0,1.782722026603551
3093,0,1.1613393814313895
3094,0,0.6726606185725359
3095,0,0.15900000000328873
3096,0,1.3840839211711682
3097,0,0.5508833963158395
3098,0,0.8960326825213087
3099,0,0.5170000000016444
3100,0,0.1330652895203457
3101,0,0.7649347104852495
3102,0,0.012000000002444722
3103,0,0.3081612822556963
3104,0,0.4548387177492259
3105,0,1.050138515832714
3106,0,0.7138614841715025
3107,0,0.8890000000023974
3108,0,0.7641160605417099
3109,0,0.8748354759004542
3110,0,1.3050484635637076
3111,0,0.5280000000016116
3112,0,0.4300000000030195
3113,0,0.6760000000026594
3114,0,0.806059764238853
3115,0,0.9832538136770381
3116,0,0.7884628069282371
3117,0,0.7839415338808067
3118,0,0.5797377253702507
3119,0,0.6755443559218293
3120,0,1.4635391007968792
3121,0,1.108460899209149
3122,0,0.204000000004271
3123,0,0.4172284480760027
3124,0,2.0017231964043276
3125,0,1.6047975900287383
3126,0,0.6563547107393788
3127,0,0.12061967859926881
3128,0,0.6022763761702663
3129,0,0.24232483485502598
3130,0,0.6374705252123931
3131,0,0.8844679508983972
3132,0,1.2029655921528501
3133,0,2.016771096894445
3134,0,0.7942605122916575
3135,0,0.4095197271572033
3136,0,1.6441792969590097
3137,0,2.183990467084186
3138,0,3.0724532938197626
3139,0,0.3025967027047045
3140,0,0.3700000000021646
3141,0,0.7130000000024665
3142,0,0.6057917723378523
3143,0,1.1957238726063224
3144,0,1.7316857365722171
3145,0,1.3600215116516665
3146,0,1.7679784883525826
3147,0,1.2317986184962137
3148,0,1.2451394466497732
3149,0,1.654347661266911
3150,0,1.9826324378486788
3151,0,0.6526242098616422
3152,0,0.9201504422253493
3153,0,2.8149283723128065
3154,0,1.2829149958151902
3155,0,0.5432624340451184
3156,0,0.36811903604120744
3157,0,1.5466995598926587
3158,0,1.2212903281774743
3159,0,0.8837860494895722
3160,0,0.9838553268759824
3161,0,2.4413063532556407
3162,0,1.4648155856971243
3163,0,0.7621926197616631
3164,0,0.6431696441782151
3165,0,1.68000000000211
3166,0,1.6950000000038017
3167,0,0.3877654966559021
3168,0,0.8060216926523935
3169,0,0.2559783073525068
3170,0,0.35200000000349974
3171,0,0.4700000000034379
3172,0,1.4680000000025757
3173,0,0.8710000000032778
3174,0,0.5990918764046
3175,0,0.6989081236024504
3176,0,0.9850000000037653
3177,0,0.9430000000033942
3178,0,1.647346725144871
3179,0,1.9773478974443606
3180,0,1.0105870132824748
3181,0,0.9626203250209073
3182,0,1.3178204724163152
3183,0,0.3132775667086207
3184,0,0.36557783041371295
3185,0,0.6551455269177495
3186,0,2.010164849915782
3187,0,2.0581613017484415
3188,0,1.7108386982563388
3189,0,1.9475279923472044
3190,0,1.107208858512422
3191,0,1.3514543715687068
3192,0,1.1299205703462576
3193,0,1.0090000000036525
3194,0,0.9726716164386744
3195,0,0.8309010381526605
3196,0,0.4104273454172471
3197,0,0.959444196097138
3198,0,1.4920000000015534
3199,0,1.6938290343100562
3200,0,1.3022111281329671
3201,0,1.307095976760138
3202,0,2.915354719638799
3203,0,1.0430649450790952
3204,0,0.434065659503176
3205,0,2.06351321594866
3206,0,1.195421124555196
3207,0,0.8230000000021391
3208,0,0.35870503073192594
3209,0,1.0552949692746552
3210,0,1.5350000000021282
3211,0,1.1021935187700365
3212,0,0.5178064812389493
3213,0,1.4423628022873345
3214,0,0.4616371977185736
3215,0,1.4425254685688742
3216,0,0.8804678348828929
3217,0,1.0947119306961213
3218,0,0.4382947658637022
3219,0,0.7564194370288533
3220,0,0.5169391284102858
3221,0,1.5153286926988585
3222,0,1.6983937479071756
3223,0,0.5929189939688513
3224,0,0.6660000000024411
3225,0,0.6673159684141865
3226,0,1.1377916064620877
3227,0,1.2488924251306344
3228,0,0.27231154842047545
3229,0,0.6206884515863749
3230,0,1.3154847225505364
3231,0,2.568430330623414
3232,0,2.3584980963523776
3233,0,1.839381940158546
3234,0,1.1698383365210248
3235,0,3.357664344026489
3236,0,3.8780000000033397
3237,0,2.091133264470045
3238,0,2.1582730045151948
3239,0,2.0751775814082976
3240,0,2.124282993082943
3241,0,2.3608353863187403
3242,0,0.8764771234023101
3243,0,1.9071811693311247
3244,0,1.5030000000015207
3245,0,1.155584420287596
3246,0,1.1424091535914158
3247,0,1.4335584557466063
3248,0,2.3157047426825557
3249,0,1.2408448045030127
3250,0,0.9181413158544274
3251,0,1.964204868514571
3252,0,0.8391286245164338
3253,0,1.4802480872112938
3254,0,0.7800651875604672
3255,0,0.9204520468360897
3256,0,0.41947767468809616
3257,0,2.4631957507153857
3258,0,1.641877055959867
3259,0,1.1514495186470413
3260,0,0.4500000000025466
3261,0,0.5738955823617289
3262,0,2.1837750966014937
3263,0,2.439811665238267
3264,0,2.1955273236339963
3265,0,1.360990332178062
3266,0,0.4365988568238208
3267,0,1.4754011431823528
3268,0,0.7530000000019754
3269,0,0.9840000000017426
3270,0,0.4130000000027394
3271,0,1.3730000000027758
3272,0,0.9270000000046821
3273,0,0.275578674843473
3274,0,1.5306466046749847
3275,0,0.9818783555683694
3276,0,0.5568963649257057
3277,0,0.20300000000315777
3278,0,1.5482863047591309
3279,0,0.5792809975964701
3280,0,2.164394454225203
3281,0,1.3552151205208247
3282,0,0.5820747375755673
3283,0,1.5157483853372469
3284,0,0.4840000000017426
3285,0,0.7820000000019718
3286,0,0.5456862294454368
3287,0,0.9429919182953199
3288,0,2.888000000003558
3289,0,3.655737888595013
3290,0,1.287504033174173
3291,0,1.0552868013655825
3292,0,0.954776934833717
3293,0,0.45321778335892304
3294,0,0.9057984109563222
3295,0,1.05277135696997
3296,0,1.7841347165608568
3297,0,2.168640330373819
3298,0,1.4272760208696127
3299,0,0.73958068134516
3300,0,1.1051663924854438
3301,0,0.897181532468494
3302,0,0.6362489689472568
3303,0,0.7996599379243889
3304,0,1.9942743719057034
3305,0,0.8250656901773255
3306,0,0.8430000000021209
3307,0,1.4989371841620596
3308,0,2.4625152220583004
3309,0,4.414859098737907
3310,0,1.7070000000026084
3311,0,2.3546884950528693
3312,0,1.15774329158603
3313,0,0.5932703473654328
3314,0,0.2699863610550892
3315,0,1.2002809648565744
3316,0,1.612418646095648
3317,0,2.1116359991833633
3318,0,2.2008168130205377
3319,0,2.050504713582086
3320,0,1.4501779077722858
3321,0,0.7351649555084805
3322,0,0.0693305221780065
3323,0,0.8126107299190153
3324,0,1.0349887679749372
3325,0,1.5580699799384092
3326,0,0.5600614507961836
3327,0,0.6344755584905215
3328,0,1.6728165184149475
3329,0,1.3141846555490702
3330,0,1.4014618167620938
3331,0,0.9640000000017608
3332,0,0.1620000000038999
3333,0,1.0181763226064504
3334,0,0.08782367739922847
3335,0,0.9200966090579641
3336,0,0.6542299789671233
3337,0,1.2386564518960768
3338,0,1.9980827892568414
3339,0,1.7213574949605572
3340,0,2.1173314871548428
3341,0,1.323245188727924
3342,0,0.707300915543783
3343,0,1.6372527592079678
3344,0,0.5820352728892431
3345,0,1.967471984902204
3346,0,1.4613039908740575
3347,0,2.55541583477725
3348,0,2.87758416522729
3349,0,1.8446350765980242
3350,0,1.06772082184807
3351,0,1.293098193154492
3352,0,1.0921809850046884
3353,0,0.7497660952835759
3354,0,1.742192811717814
3355,0,0.6348412711663514
3356,0,0.8061209750121634
3357,0,2.6400079632221605
3358,0,0.6060708836121194
3359,0,0.6550570306544614
3360,0,1.4139073845826715
3361,0,1.7494217926209785
3362,0,0.4626137921568443
3363,0,1.3587531344878698
3364,0,0.29624686551915147
3365,0,0.6694516598759037
3366,0,0.9086763095770038
3367,0,0.13887203055492137
3368,0,1.8785753971515078
3369,0,2.7928421484411956
3370,0,2.6949641047731347
3371,0,2.0259433940664167
3372,0,1.844712160261679
3373,0,1.710568899804457
3374,0,1.3323938955195445
3375,0,0.7500000000027285
3376,0,0.5264841400630758
3377,0,0.9135158599424358
3378,0,0.305000000003929
3379,0,1.042345161333742
3380,0,1.5782719767685194
3381,0,1.8454702966814693
3382,0,2.606738866091746
3383,0,1.9498967824024476
3384,0,1.9813797908745983
3385,0,1.1839405731129773
3386,0,0.9830777631382261
3387,0,0.5738787896229951
3388,0,0.6983006154118812
3389,0,1.3827609651725652
3390,0,1.1707485401670965
3391,0,1.1042328076314334
3392,0,1.051957071636025
3393,0,1.0080000000020846
3394,0,1.1208334167026806
3395,0,1.5351069070084122
3396,0,4.521919395926943
3397,0,3.6877596827334855
3398,0,2.6284976111428477
3399,0,1.0121138466006414
3400,0,2.7721353400725093
3401,0,0.8342934786196565
3402,0,1.291314215287457
3403,0,0.8500261059357399
3404,0,0.8956440075812679
3405,0,0.9084111909651256
3406,0,0.9535484593920955
3407,0,1.1473963420748987
3408,0,1.2987057967607143
3409,0,0.27908943037846257
3410,0,0.9484718291132594
3411,0,1.1207329437584121
3412,0,0.4590000000030159
3413,0,2.5482387833999383
3414,0,0.12676121660524586
3415,0,1.145741271490806
3416,0,0.8715681357139147
3417,0,2.3385927802328297
3418,0,0.8287473990908438
3419,0,0.9198602298693004
3420,0,1.119490183617927
3421,0,1.044123264719019
3422,0,0.5958767352872201
3423,0,0.06495650133456365
3424,0,1.2460813213920119
3425,0,0.5479621772819883
3426,0,0.38800000000264845
3427,0,1.2398165980876001
3428,0,2.5420456171359547
3429,0,2.187000000002172
3430,0,2.799000000002252
3431,0,1.124137784785944
3432,0,0.3080000000036307
3433,0,1.9008734341673517
3434,0,1.8757994584084372
3435,0,1.3959340745059308
3436,0,0.9403930329285686
3437,0,0.36667971088445483
3438,0,1.885611594256261
3439,0,1.1763481843413501
3440,0,0.978360510528546
3441,0,0.5914645788998314
3442,0,1.6236472403129483
3443,0,1.5789046395202604
3444,0,0.5559835412786924
3445,0,1.184605242598991
3446,0,1.094726050751433
3447,0,1.5906687066562881
3448,0,0.7811560849249872
3449,0,0.9326850496436236
3450,0,1.004525894546532
3451,0,1.3835782606088287
3452,0,1.3002974948972224
3453,0,0.862757215397778
3454,0,2.3055633255730754
3455,0,2.3768988051751876
3456,0,0.7875378692606319
3457,0,0.6050000000032014
3458,0,0.05200000000286309
3459,0,0.01600000000325963
3460,0,0.19400000000268847
3461,0,0.08900000000221553
3462,0,0.999339143567795
3463,0,0.7846555860314766
3464,0,1.0757999690995348
3465,0,0.6582053013121367
3466,0,1.7586918617612355
3467,0,1.4164461680284148
3468,0,1.6156654198343858
3469,0,1.9082715615745656
3470,0,0.6712920583995583
3471,0,0.5814622434154444
3472,0,1.3100509067903658
3473,0,2.768781612849125
3474,0,2.6096793409947168
3475,0,1.495261073536767
3476,0,1.3577573915326866
3477,0,2.4278034983312864
3478,0,2.382077544004005
3479,0,2.3919506196875773
3480,0,0.4118086993039469
3481,0,0.5770000000034088
3482,0,1.0951513614245414
3483,0,2.823302620633058
3484,0,1.8261612440205681
3485,0,1.6539986511247662
3486,0,0.5193861228099195
3487,0,0.19019525734574927
3488,0,0.7893989463086655
3489,0,0.47151623065519743
3490,0,0.797889565701098
3491,0,1.457579111175619
3492,0,1.2667983857477338
3493,0,2.5932707060519533
3494,0,1.7767333738015623
3495,0,1.3811711908733741
3496,0,2.995704726619806
3497,0,1.343018054147251
3498,0,2.546325722797974
3499,0,1.7291307072873678
3500,0,1.149458352351303
3501,0,0.8853046576746237
3502,0,1.0184146676783712
3503,0,0.7870859628819744
3504,0,1.552165113137562
3505,0,1.1621813111628398
3506,0,0.530647417007458
3507,0,0.8175263313373762
3508,0,1.5061911059847262
3509,0,0.54329310233652
3510,0,0.01600000000325963
3511,0,0.9311360758733827
3512,0,0.5728639241306155
3513,0,1.232408603663771
3514,0,1.4455374102117275
3515,0,2.332462589793522
3516,0,1.1214046346626674
3517,0,1.1040058148346361
3518,0,1.8040000000032705
3519,0,0.8891809468491374
3520,0,0.28567306116747204
3521,0,1.6820000000020627
3522,0,1.5870000000022628
3523,0,1.8350000000014006
3524,0,0.8679691348929737
3525,0,0.4437408503158622
3526,0,0.8726558296807525
3527,0,0.5109611239577134
3528,0,1.4720000000033906
3529,0,1.1337486033489768
3530,0,0.4812513966580809
3531,0,0.4770000000021355
3532,0,1.0130000000026484
3533,0,1.0301361196625294
3534,0,0.8008638803426038
3535,0,0.5450000000028012
3536,0,0.5296346481154615
3537,0,2.304278262110529
3538,0,2.483788045234178
3539,0,2.0037140195722714
3540,0,0.3420891294967987
3541,0,0.8401183431797108
3542,0,0.7423775523070617
3543,0,0.8875128274676172
3544,0,1.595678636806042
3545,0,1.8345445836025647
3546,0,1.2945017562815337
3547,0,1.1537621958541422
3548,0,0.47805642231787715
3549,0,1.0635338246161155
3550,0,0.9464357795500291
3551,0,1.6299739735272851
3552,0,0.27616067297230984
3553,0,0.46208003026276856
3554,0,0.21670740917670628
3555,0,0.03805188760134115
3556,0,1.7191042277759152
3557,0,1.2100000000027649
3558,0,1.9858957722271953
3559,0,0.38946247478816076
3560,0,0.5548139457268917
3561,0,1.7146266929635203
3562,0,0.26409688653347985
3563,0,0.07700000000340879
3564,0,1.2770000000027721
3565,0,0.6716612906293449
3566,0,0.6393387093758065
3567,0,0.21400000000267028
3568,0,1.0350000000021282
3569,0,0.8158686316569401
3570,0,1.8526675343337047
3571,0,0.8811235717903401
3572,0,1.1923402622296635
3573,0,0.8745750438274627
3574,0,0.6109210279632862
3575,0,1.1665039282165708
3576,0,0.8861293329709952
3577,0,0.6848706670339197
3578,0,0.6956394131775596
3579,0,0.5055154458882498
3580,0,1.179829194315971
3581,0,1.1816143933951935
3582,0,1.0879901549515125
3583,0,1.195411398286069
3584,0,0.8500936379218729
3585,0,0.9781050285505444
3586,0,1.5044866238145005
3587,0,1.288314709725455
3588,0,0.2095194420048756
3589,0,0.5202570356404976
3590,0,0.7422235223643838
3591,0,0.5525786442585741
3592,0,0.4804213557449657
3593,0,0.6729788724810533
3594,0,1.3093739187438587
3595,0,1.8650794389036491
3596,0,0.7996605161856678
3597,0,0.8029072537001412
3598,0,0.8930000000032123
3599,0,1.3034005200047432
3600,0,0.09359948000019358
