HashFunction,HashOwner,HashApp,SampleCount,AverageAllocatedMb,AverageAllocatedMb_pct1,AverageAllocatedMb_pct5,AverageAllocatedMb_pct25,AverageAllocatedMb_pct50,AverageAllocatedMb_pct75,AverageAllocatedMb_pct95,AverageAllocatedMb_pct99,AverageAllocatedMb_pct100
6f4cfac06dcf33012ed7a81dd70f35507e348d6b1d337507385aef8c890e81ce,8c221906a641b9edb97de8a063644d1dd14413d937ae6b335c6dc1f39afebe01,a276948d19284f11116c5c7b384d40a1f711e8a3842a6eae75e4957e2436be7b,5993,112.0,97.0,108.0,111.0,112.0,113.0,115.0,130.0,132.0
cbb155892986a500d75907ab964bf26e67caee4e2fee16607e5e36a558c7c07d,efd511e7a6bb48fbff316406582068e230ca1ce80e7bfa67cf2e398acd43cb35,7bd7e2bf570cbfd6ebd72c628aa8bff1fc9627b8052d8960fd94609af575d663,75235,14.3,11.9,12.3,13.2,14.2,15.5,16.9,18.3,25.4
9ae854de13d40bb9082cfcc9cf9d5832431b5a532ec3d6f56a7705efaa58e8d9,fca2310ccf911080b19d6e90e80e63e4afdecb3ead06a09bbb3832558ec368f3,f3676eb37576dc5aeaacce9267aa0fc4360ec1e437cf2404a638c57dee55d89a,17238,13.2,12.8,13.0,13.1,13.2,13.3,13.5,15.0,15.1
7ea6943a3283f724c12c50663db0f70b1f95d21e3966c2b10f1256c53053852a,30a876e80855f9f46187a876eb5d2d39a93fb3d1b9f31eb7d3b2859ee5a90ab1,8f044447f82ae4606a5762193ff61b14dbf25e24a816197e01a73fd8eba1a93e,43075,15.307692307692308,8.461538461538462,13.76923076923077,14.923076923076923,15.538461538461538,16.23076923076923,16.923076923076923,17.846153846153847,22.846153846153847
e4c9b86e49fc4881785f57664c7080bfe0cbf49fb876216af1214f227685cb15,6c3d59649e35dbb123096085713161551af4fd6da6396ae73e9fb5da0c7d68db,215f4b669020102ca54d8a5d7f6bf45fd25bb2a90ce9dc6f37784518c5936e72,17250,179.0,179.0,179.0,179.0,179.0,179.0,179.0,179.0,179.0
6641a525ff49a5a47695d10f2347760569aac6a94b442ecd0b9527f9367d67b5,b602a90cb8ff998be304c3b3c0d755ae638062ca83dc4fe237cda67a2a1899f0,3d7322c54ad4c156f573c247ae7addef21e87b588712204d439465358c03d3bf,17303,198.0,189.0,190.0,192.0,201.0,204.0,206.0,206.0,231.0
07f58313aa95ffc4d64c9a6a8967a8a6adb416d6b2caf430c21b22378af1e525,f96e634eb2b18b9b608122195770dcfe4cbc000ee90e5c967940cb71cec002a5,731cb2669db506b18bfca33c1fe8f63a1bf8ed671bbeda51cd18ad783d2853eb,17237,26.25,26.25,26.25,26.25,26.25,26.25,26.25,26.25,26.375
35196c9a3cee4e22d988206fbd9c69327d752d7e77c145cea2a4c5babd743855,c21e5054a535517fafc56f185449e08d332c2e9287d6f33cfce5d72b42033c3e,e9074dab7d9e7ecc1cbd0245012f7a80a905d72f6e24d09b3b3d0c1d8137b3cb,208653,27.5,12.666666666666666,14.333333333333334,28.166666666666668,30.83333333333333,31.666666666666668,33.833333333333336,35.833333333333336,54.5
5c598d0743ce77f43d6924465a037e230c59102c6e3764bc08b928fec26d4bcb,4a8c839c302c9e4c597dfa52c8ef8db10d082dda343c7792e9b24b3649c029bd,f0e069c2ee97e2e26804686df4dae2e58ffaf5050ca4c84cd55fadeae95429d5,17253,159.0,139.0,144.0,151.0,158.0,167.0,181.0,195.0,218.0
64ffa759cc1fbcbd935b96d1f6b182ebd12f648a6a9783eb7a676f18ca86b98b,06251669ac5f2e14073bdc770578f97085cb4a623838a7a530b91351170d02a0,c0dbf8fb69a23368affc2747834d6dfab9cdaaa7e1dc3a28d0c9888c12b89b81,11868,35.5,20.166666666666668,20.83333333333333,30.33333333333333,36.833333333333336,41.833333333333336,44.66666666666666,46.0,46.5
0f6ad4a21372a0c1c319392c078c4eb047f709fb795876869258aa3474b6e191,a13876e7f5f1150478cae3c59d1924a385e62076dcc68970cb55df18ab72c969,0d5134c5b914e413573a538688676d188b6acf2b2d090253757029a816f87cfc,17254,12.307692307692308,10.461538461538462,10.538461538461538,10.923076923076923,11.23076923076923,14.153846153846152,14.692307692307692,15.615384615384617,25.53846153846154
d2feb9b9d434e30df24e30888d819b1913a2871bfb28c9f9aedf7f142f336350,14a9dcab295ce83ab3ef0bc73cf1e6d3c1241007067bda7bafe64c3f6877baaa,36119464191480d8182c3431ca6d11688d6d72b50b6f72ec81d8f2ed9cdeb7c2,245,113.0,97.0,114.0,114.0,114.0,115.0,115.0,115.0,115.0
3b8f714aae9291461911c14407cfb34d72d3a1e76e7915e43f3e1a9a10bb5802,23585e5c9ad9d7de0016aee0cae0ef9339aa943e635a0d61af082dbfe4688c40,467ad64fd56f2c60960452f5dac6eb724ff239e34acfc0093754717eb568d014,22505,34.0,29.0,30.0,30.33333333333333,35.666666666666664,36.66666666666666,37.0,37.333333333333336,37.333333333333336
2a2de38db4cc19a5fce3ea9ce392ba985fd9dce865a7d439c7bfa503f9b9bb90,1e5f2b93256d76bafd67be173abf7aad87a405927a7bdfedd05c17b95e3375a8,835a41a01d9790393487097b456e1efc14f1af9f0dc51272728beaab4503a07e,17234,110.0,110.0,110.0,110.0,111.0,111.0,111.0,111.0,111.0
3087576c57aaf083cab78f15461f8efce6607c2facd3e54f425072a3b2506708,e333879ea4145125a9e4fd3e202af49410d8fe81983d637eefbc8d0b8d722171,858120e91da58c267679183c8c2b0b65b54839a36318304f594109485da05d73,17250,199.0,199.0,199.0,199.0,199.0,200.0,200.0,200.0,200.0
2db2c2e0bdd12a51938841860683879f10fee466a186a4c2af249906bc66f9d7,6b0e8f7e365dbf31fd3876c4a6af805a299c4a391d49b3937314453d4fd10874,896e4afbea0a739c64ff343850e76ebde14bb693cb847992ce40bba868c2c145,18850,167.0,136.0,149.0,154.0,162.0,175.0,205.0,247.0,250.0
c1343fb5b3b7294034c8170c1717f0c22c6e6f858d00055db8f15ade216ddcab,30422a46bef1badfbf433ec88f7b93b6c0b4468ed03a646c342bcaed867d6034,bdf65506ab689c4d81ff909c6a021d77163b0e616fa4cefc8b61443827dfb443,267,115.0,104.0,112.0,116.0,116.0,116.0,123.0,125.0,125.0
7472df890869186c3a8d1359f2645c8a7567db39a68bc6094bf40e7384207e3f,02efd0a1e4add95efc825c128f60380d488aebaa5655ee2ff5ca81dfbc5f4362,a9ac29f04a93596106f581a6c6eaeedc2e0dc8514c10c7a94085db9e63a8eb98,15780,209.0,169.0,178.0,203.0,213.0,214.0,279.0,282.0,295.0
d666f873289af339842ec02fc2c984077f78dea7c7c23aac034b4c33492c8557,d61f941f624ea4a33f5f76f2b0ed748d382b56e518ed2e900c6fd63905d92b7a,ba35a84448835efcc4539208989259c90935737e010d3d8e2293f97c4ab8ba72,17231,9.5,9.083333333333334,9.166666666666666,9.416666666666666,9.5,9.666666666666666,9.916666666666666,10.166666666666666,10.583333333333334
e85a8260e660d9b5c19360f58d9c6fa99f95d13f9ea82e43ef1017b20fae1699,c91e30a843dfce0beadf2b658d0dee6f346b8c7d97eeb01b15a710e16dca41d9,07457ad647bcb99507cd7e558946aaba4579a8054421e0623f6872a9e32182e5,21130,206.0,188.0,193.0,203.0,206.0,212.0,218.0,231.0,250.0
37b5b44a20f118f26bafcfe8905236218dbb23c4c0dea3988b0122966dcdc2ef,9600d8ea0d18856a6f1fa5672306ef55afac8b5e32e956579ab0f1a8c347bf4b,b58fc0a0f39c45c5f49fbb0239646598f5ebf2514eb4adc08c2ae02d362c22bf,17702,31.5,18.5,20.83333333333333,29.666666666666668,31.83333333333333,34.166666666666664,41.0,46.0,50.833333333333336
baf710add7ae105a369dd4aac18105bd1909aa3a5ee44b628d217bb8bfec793c,9f0c09fc065ea484418928bd5c77fa66383fe672449fb6f9fa1bc88162294279,6cc5171af55c170c1fb732b85ca7120a6b5d9d4929bc28feefeb4821b230d529,18955,96.5,84.5,91.0,92.5,93.5,106.0,107.0,107.0,192.5
64ed5f699bdba800098055d974043d9aa0ad9783013ff4ad4a305b5d8f0a9b55,ea942f438bcc45a8e026c84d50ec7115c1491a5c0219b201b3345304dc0a8976,a84bf1f761a125f96352e38629a75144992d0ebdace85f9eb8c17c6c2c1f4881,20605,187.0,169.0,174.0,181.0,185.0,189.0,217.0,231.0,268.0
004adff1d5a426bd732cd134824c09d670ddc6a74bb77eb0aa438e5980d1b879,13d0332049ec0acc582b5703892e1f9bb6715d46a9e3cdcac3dfed6b90446ec5,53e965d876a521ceb18b374c22e316f71f022a6ee0b989d85723397a91aa1d23,1322,37.66666666666666,31.0,35.333333333333336,35.666666666666664,39.0,39.333333333333336,40.333333333333336,46.0,47.333333333333336
913cde166a84cb3e1a952dfd69efe931c395ac04b81bd0124de724b5f60510e6,8bf98b528af956d66b4aa83a9ae866f18b454ec7eca6f22244e9def6146a40f6,df0a85ee173160f998418d3fb3b3c13585fbec060621f80fa3a417f7e85cbb63,18557,8.956521739130435,4.608695652173913,5.608695652173913,8.695652173913043,9.608695652173912,9.695652173913045,10.173913043478262,10.304347826086955,11.0
f669c9b3a576cf77cacf779c3f8c2bcaa58b5f14ccca0da64d18b6682ea9563c,52ca2abb2c7d0464eb2029bf916e3690101405232e1182d4192dd6deb4190314,5c956aeddb49fa66f17f869b76250c5ff320ef0739598801e44ead10037bf24e,737,188.0,170.0,186.0,187.0,188.0,191.0,195.0,210.0,275.0
2439e79ea1cbf793d2004e6f9f03e057fc31a56d83cf45cf732460daee41ddf1,7770498d108bbd395ef78d7b015138646a4d2360189017bb2005b57ddc8aa49e,57306ea8918aad5423bd2f6891b7899294f6b04baa2ce3afbf1459f84a91b15a,174005,12.25,10.4375,11.5,12.0,12.25,12.5,13.4375,14.25,23.25
53978ebf61fea008c119eb735031422bc9cb56022639c08985e85eb59f2c8241,d058802bb738328e826d44f3109c9dc525cae4c8b69d9b4f43b6a3ff26920470,e2a63dce97a67bdb3571d66173b9c0b8a9befc959b1ca00c4eecad593a89ddbf,22822,18.666666666666668,15.666666666666666,15.833333333333334,17.0,19.166666666666668,19.666666666666668,21.666666666666668,21.83333333333333,22.5
bf138c0b0b097475e88a2173305e750954062c0b208be798c6d805c357a70f4f,2934b89aab55befcd2cd21fc5f42bef4f12821b7330ce929f1a41c8c579e01c9,ac37373632ce76b46d00ee0830cabb3a3d843a8ff1cccd100667b4b6ec0c92a9,17232,60.0,59.0,59.0,60.5,60.5,61.0,61.0,63.5,63.5
b2d292a8c89750454cd027cbc3a51d119000d4e6d4fbfc2b69f38e4a168fb553,eb95ddd0d6c8192b4ffd80ecc3e2e01aeb24eef7c20262c26ef6a3f34ccbd7cb,7b1138bdfbf2106f2a5e58f01693e8e63f9526e38665b6ace1a0a23d056e1393,33337,8.08695652173913,4.434782608695652,7.521739130434782,8.0,8.08695652173913,8.347826086956522,9.043478260869565,9.565217391304348,16.47826086956522
3036a9d0dd2d44c4de43dce4c112d0e8ef9ddd449a16ad51d5fae474f0f1dd29,7acadb310f118ef21fec404097b3c6ab094cc949e922c7c12acc9f77b0ab22a0,d6c57e141ad0f564842c925b294ecaeee27cc45e9e40b751c49dbd6f08473aa7,17254,146.0,143.0,143.0,145.0,146.0,148.0,150.0,152.0,157.0
ff6c27268cd1a532c8f140589d76507aeac29bc4d0a2d79a63420824ca66b176,2c18dc9ddbec315527f3ed6109f064fda7e7baca0bd60e0cdee71362c9cf60e2,23237fa7c519a4ca63aeed44db287ba55489a38efe259d86c15b51ee97c79ecf,22151,54.75,43.25,45.75,49.0,54.5,58.25,70.25,78.25,79.25
b47507e195b3c8c280d0d04cc6e1965867e883289a75fc253234d41163b6d6f1,4c1f2984bda6872027cdb182a8fbb059c25ec2ea2ae3a43ff2d57b719db0be2d,127ee2dfbd34efde36de38259b6e40e441dcb99bce64a477c090875a79ee63e6,17231,34.6,25.4,31.8,32.6,34.0,37.0,40.4,46.4,51.6
9fcbb1f65b7a4ab879a8d859539143d7df744dc002064a1003dc71d4f13197ac,15b0709658399d207f915d89197845a7c9619e6bce323e782d56ba1fbf52e8e2,541cacdef41a43ba09a99ee796820ab7f7a2c0aa56d85d884decbc67e49730ac,1422,47.0,34.0,36.5,42.5,46.0,47.5,86.0,94.0,103.5
a6b82195c5ff2c9ba59953c48ffe25d9ec092fb4874e0c3b23db18cc53c281d5,d906c244adc52b6fcb91495f0edf4841d67e0e257c90f4b140e5dc883644c097,d0c0307ce95c64bc5bc716aca3be6d75362001f49340eeae14c16eb17d0df249,35748,93.0,71.0,79.0,91.0,94.0,97.0,104.0,118.0,119.0
53183b674b2299cfc9eb1cb75dc9291971ff3bb708069479a764af065e70f469,fd7fc2b625581e420bbc6357a27f7dd2bb5eb97531dee13a923cd498b7b537fc,4c3dd558ebc880648bf92e7586c2129f19ed5e749defee2ea94c023c716bb15d,21374,29.25,27.0,27.25,27.5,29.0,30.25,33.75,33.75,35.0
4417dd51558149917253a56600a2ba1000d0d9dd2eb831d9f6eb63ae08b2d4fe,bb7899a68afbf3cb96081c06ab468e7bdf904c9757faa153e5dc3379aac4f409,0e1b75a2ff96fa1584080eabb88f82fd34edf1dfbf3fdff0d50a643544dda323,8153,26.2,22.8,23.8,25.2,25.6,27.4,29.4,40.0,40.6
f5075844195b9181425b7e033558f92dcf70f712b99dc93b8cb55a6054c0fbd3,9edb01447605394005664fc11c299d95f608c4b5a9ee3077fff8aa2903bc8147,aaac1885a327e11e8314a9593a45cb7fd31005407135a37a99dc5a0e2e9e89ca,4029,42.0,37.333333333333336,39.66666666666666,41.0,41.66666666666666,42.333333333333336,47.0,47.0,47.0
b7c64bf8a681381d7c6913a75d1c58030fdf787c04b09ee79d425c972ab19989,5a188da878112f5e561cb799a8f8c139f842180697cc5c3aaeadd0fefc45906f,08d3a654794cf1c4b124c05b90f7a267d564a9fa8acbecdeb0342e4e55b412d6,17250,199.0,199.0,199.0,199.0,200.0,200.0,200.0,200.0,200.0
17b5361f8f1936c3af2b97104f584da3287985db6b74d09a48f6a512c75fa6a0,34288fe70afd055f9995983bd23fb0eb323c7cafa594b7688f92cf952b3ac78a,c2240cb6e5bcf36c60594d9a04e8a56b0d4d9ca0b493315948cab01306e0e4b6,12234,191.0,166.0,176.0,183.0,190.0,202.0,208.0,214.0,279.0
c9792c23b194d195bb0c3931249d59eb4108ca2045f4a137f1907f0fb259de7f,dfd6812823e62bc0aaac00933fbb3cf4a00d1cb7bf152b5f60f66eab6d8e08eb,972d9fdf5ea5696374f818e0d91cd8071c5d0a6b60ab7787bc3c908057019ee4,17238,272.0,259.0,261.0,267.0,272.0,277.0,288.0,288.0,288.0
e52647e6ac60a627a80ccfd15f2d222535dfc8ecb3c70c3ce8ca7f222c662cbc,f92425b09ca258ceb7b6fa1698242eb2bfb06227494ea98bef83ad4e33ee0201,0d255b3bbb644c12363e9ed270f79c6fbff87f3b5c5d38f4f04e07f6282d0b1a,28064,19.35,4.35,4.6,9.65,20.4,27.9,39.35,50.75,65.3
b994a25f7089c3526f3355e0ca8c83e5b98da9e2447e2a9465c57f745418b02e,4eabe712f5f72734cbf87046fd23481de28afb719d71dbe920ef652db5fb5573,ca9c1e54e414962b76b36a91f1234d274ae796a93c791a5ed9c084e406f456eb,21008,30.0,27.25,27.25,29.5,29.75,30.0,33.0,36.0,36.5
b1352f3dd9fd95b9e7c0df9464a9e6378d11a3ba1770fcc176d5ec50945baed5,7af3bb5406d302f25079af17d1bbab50a16aaf2de266dbff34ef73bc2146b437,2379fdf6e0a2ae6f7fd0be0efea7e97cfb0c532ff66b6f1c2a49898cc37a13ec,17252,45.333333333333336,39.0,39.333333333333336,45.66666666666666,46.66666666666666,46.66666666666666,46.66666666666666,46.66666666666666,49.333333333333336
c1dac89b80e43970b667f4b7640b1e374fd10c096357cddd938a2242bc264b17,fd8a2430aa1d1b6fb9e059ff6268eabf8bbd77e68a6d5f38195a67820149b0ab,28d94f560a5029aa179440817734ef2b7b8bc186ccb76e1da562119cb6752e04,79121,24.8,19.0,19.4,23.2,24.6,26.4,29.6,32.4,35.0
326b0a304c0dc43dce757408d9570c09d66167e73a4dd2c426ed9e13f585037c,fd8a2430aa1d1b6fb9e059ff6268eabf8bbd77e68a6d5f38195a67820149b0ab,ead6d007019eeb194a900e73572e536aa814dda08552efbda8157de6e35e0a8a,69914,17.285714285714285,14.714285714285714,15.142857142857142,15.571428571428571,18.142857142857142,18.428571428571427,19.142857142857142,19.285714285714285,19.285714285714285
6268bcf22f09e2664cb64ef18af160d3bbc9105550560d95ec3fdca31b1cd52f,d82104db40ba56790b85b79a898c77548193e1926a5077e4649cc4b3460f900c,bc211322d70f04197e28cb994396b3d1b0a751937bb221791c0b884225fc3710,17250,118.0,118.0,118.0,118.0,118.0,118.0,118.0,119.0,119.0
81ca41d83bedfc486dd143dbf5bd03a740f6a86d7888052d774d4c95d869a942,8b4aca7fe8c8a3a837107f9ae56fb5799e2d68f1f4ccd406a3c78d4066693438,469b55c1e9fae9a1c4cce22545ce62ffe07f6cb9cdcbd8a018d613d5dd5d0a3a,494,170.0,150.0,167.0,167.0,169.0,169.0,205.0,217.0,217.0
8d105c38a35f2319844097d556b5ec897d1fe4e078533b480f71dc4977d31b5f,c5860f9bacc085a1bb1e7176f33b6ecd7504c38174b58a7d9f836fe1dc8453ed,539e986c9ef3871b2b07cb1ae1b21a99bef9d16b8a428878bd8d3ac918370a66,34059,21.1,12.8,13.2,20.9,21.8,22.5,24.0,24.6,39.7
7a07b76f4fc02186fe4fa033b413f1281f52342329c622cc1c2785cd5d0bc292,af925451afe259cecf434bb3df2a992d25527d762d8575375490c6953a707916,3613c547e774c150ffbdb038e70848243173dcb85452f8f5cd4de0f532e19997,19815,120.0,111.0,112.0,113.0,114.0,128.0,135.0,141.0,146.0
8fe9f2ae4fa78bd09c964cd754d90592c520c52eeb7909c1fb4933f27a4f8fae,bbeb1f0bc390e8fdbb5df04a912b8f5528c92b2755cc00291170f303aff46cb1,38dab86e96e37bee3101fe3b4cdf3b5f0328db9883282fc1b5c2db9b1aebb768,13903,58.5,51.5,55.5,56.0,56.5,63.0,63.5,63.5,63.5
eb919bc54f8f84ba295e3a5624517d1ebd3d6c85cdc69352f121834702e026d6,e66d525b0b03afec69f923e2a2e0c2bb6476d4d4ea29ab09dc45ddef51d06b31,11d8ead2e03f672be375efafcdca088433ca29b6e9ced39989cb8e71bfa2c974,69673,35.0,20.6,21.8,34.4,38.8,39.4,42.6,44.4,57.4
d8477cb60db1e13b11a2c1468f772ffb534b0ed20e79895b055d9dfe77fe03da,eb94c90ce9105dde9cc95446fc4ffe57d10b17b33d60a67663a4e8cf4d117459,0d5bd66a19a75364a20ad582f1cc055450c7e034b26ed81848654f879c84e565,152663,35.333333333333336,26.0,32.333333333333336,34.333333333333336,35.666666666666664,37.333333333333336,39.66666666666666,40.66666666666666,45.333333333333336
6cc26783660ae5cb81bf4ab81a3e84179653e60a7133bffbab489c6c9e1a7427,ccf51e739dcee171d7dc761377862013eddef063ec504312480a09d6344f8db1,ed6a23c1f68c8f3a8ce58a56ac39808948c1452cf6026117d2dcec26904fb0c6,22182,27.285714285714285,25.0,26.0,27.0,27.285714285714285,28.0,28.571428571428573,30.0,41.285714285714285
44b3aa48ab5e26e5fccf0717e01e63357c33c19f1710149d83857d17ac3629b8,043f26684f3fe3f9d80bb818cb3e1d9a6fe4091f32871a97922aad22b0a6964b,9574efff3e7a2116364d65c3e3f153b4e5b289b65ba9f385444e6b26975f5307,17241,165.0,147.0,147.0,152.0,162.5,181.5,184.5,185.5,186.0
1864aed1c7d8fdbfbeb4540aa11c9f7adafab8767ce9cd6bd9909eb2b60ef391,06bb4e584e07bfaa66a43376f8f76d5be3906aa10f964fb24acbc76c244e0037,46b015b17d44b6b5f15c94f4b4505f9993d60a5e4032b31507498351239ff085,16285,117.0,92.0,99.0,111.0,118.0,130.0,132.0,137.0,155.0
34ff74cd17b94e0948e550f0f592abb067300b4d0a562e2666330bedd4ad8b8a,435402991b3d4f6fa58a142b1135b696621167589cee02ab80f732e63a17e752,9382c1aaa07f9e63efca184120ea83d18d5b976b1572ad22d908ab9e4d9aaebc,6382,158.0,106.0,140.0,152.0,158.0,165.0,181.0,186.0,188.0
b933b6af1d1445e853d2c927e692edea2ffb45cb598be36af5db1574f6c0f5ef,95dc325a4a22f2d6368e04c54265752aad1ef0207cd08ed2ffa698403f3c30b3,8ff155ca64675790a6a328868b7034999001eea2227ada86db8235c6f94f9eee,17249,130.0,130.0,130.0,130.0,130.0,130.0,130.0,130.0,131.0
2db4e89bd5b387e1c0389d78266593db7298778be7ef9f2c9b8170c5c374cf36,c36f718c7130444ea56a6b1d68584a7de62b99e51e6a468edb6eae6364b01eb4,9c0157b7d8184c5738a4c715f6d05a9d5c025c693ed99526c4213d1c83dfd1b6,5371,25.285714285714285,11.571428571428571,13.285714285714286,25.0,25.714285714285715,28.0,29.714285714285715,30.714285714285715,35.57142857142857
8e1c086aee554e25a173030d11cbcd0596d3a1ed498a156e1d3fbb6eade79d4b,fbb5f367c581476a53a186c0b542d146073bed7a0d84567b10077bc3354a3cf0,ed41bf82dc3ad660ebde799fa9a845e193bd32584d895f5b5a76609211485c38,19473,21.11111111111111,15.555555555555555,17.77777777777778,19.55555555555556,20.444444444444443,22.444444444444443,25.55555555555556,33.55555555555556,40.77777777777778
c51f41e4763377560b757fa5fac6f6c103d7e7a2678dcc28419050c8d197d114,30f65f4f0dbab0d7184a94e5541f9c43b873a20b86d755b1ca499024e527b3ee,de59ffa3b4e2e0e04f5e2c29125bc11a4bf02ed5c690da9575b4718114c01732,12463,8.590909090909092,7.681818181818182,8.0,8.409090909090908,8.590909090909092,8.863636363636363,9.545454545454543,9.909090909090908,13.5
b3543c1d08ef66ff13e0df698e0e9615e4a497ace232c3715779151427fe15d5,d49a91b96452c8102c4d2f18647f0503f5bd78c8d9110c60795654c58fbc4fea,8e2c2c8497cab91ae22f6d3fc74a5a749130445d0548e8f45368f3fa31b5a5f8,78521,61.0,46.0,52.5,56.5,58.0,63.0,84.5,97.5,120.5
8c3ba8c34904b078ed64a795ea6348c1392852d2e18ea089aa1aa004b9a2c20a,e8e56ba84498ec7e4acecfbd824587a399e47592cf9388a45419712de931a3a3,66304569269ba87c82d25854774f7847179f95d8897e07455f383f8c3df7ffbb,16169,22.83333333333333,16.666666666666668,20.166666666666668,21.83333333333333,22.83333333333333,24.33333333333333,25.666666666666668,29.83333333333333,33.666666666666664
23e6eb269f4b8f405d773bd5e2ea24df2a6685287cd123c1a23717f85c9fd58e,85d593148f30200455e483fc5f4957e2b778bb5227a9daba3b7a44e591051967,f120311511a4af60d3844ff0307bda8960e495fc5951e5ef9e8d1280f45196c3,4530,116.0,101.0,111.0,112.0,114.0,115.0,134.0,135.0,135.0
398ff94a81a6eea8e999fb0f5831caa31e861d6426e7e3bb105ef14a412d957a,5537222b33f7b59a0450ab88b8bffdbdf3d9307cf4359d0a74e022ce3ed74daf,4b05f738540108d0269b700201cb41e3999dec14099a475e348a0dbc76fa417c,14731,117.0,93.0,100.0,110.0,117.0,119.0,138.0,147.0,149.0
3324ff9cca5395d4fda495056e3322571bf74ce20481e114d6cef5dd8ab95675,2ca23834b0737c13a3d3a9d9864a8033b1f544bf45fd35ceab9fb7dc5528fe1f,bc97bc28a9116d4442d9ce5a705749a9e8a7de2ef827766a2a33476f87dbbc97,11220,8.318181818181818,4.045454545454546,6.954545454545454,8.045454545454545,8.363636363636363,8.954545454545455,9.636363636363637,9.681818181818182,17.545454545454547
9a060be202faaff1529a7c47e4ceb52309e58c2973bf2d813338113be88dce58,75332cfa303ef7f7367c7f8f9aa7c9f5bc446fc04993a26b1e67311378690cc2,5a65d31612d1081353bfce359690d9e58e5c78032f4d1d2895092fba6ee9983a,6612,27.5,22.75,24.5,26.5,27.0,29.0,31.0,31.25,31.25
56269cca8f91ba39bab62d264e7e744db6327a66296859fe14a40fb9272bf1ab,dd8f6d548246e9a0cc97a8ded96b56edca5a6be65906ef57efb834ec21fbdc87,bbb6e44d7605cc575b5ccdeb73da76d2ad173c27d39171a96ace8d68517f515f,6329,227.0,156.0,186.0,208.0,232.0,242.0,269.0,284.0,286.0
9df62206272ccb8c60714aa8b1c4b045f2092e29a0704237dc19e900d1c41d07,9f699419c6fd3f4a4047457a409fa381b43bdbd90c23078026f7e74c63b86587,33dd46ec09a19904c9754297a166fefc36bd3f2ce2e844cf40f6685e2215eb72,18505,11.833333333333334,8.0,9.666666666666666,11.416666666666666,12.166666666666666,12.25,13.833333333333334,18.0,20.5
80b613da9d45d3cc6dec16f716b1ff382512bb91354564245b5f22bc3e45c03c,426bb2ee80d370940aee9f2545ecc83dfd4cb86d3f2794245e29d182f55b6624,6c6d38b47e6363b7d2727aaee904920930f6cc5c9d6e69ef507bd1887ca22f29,16555,23.8,21.4,22.4,22.6,22.8,25.6,26.0,32.4,51.8
b2b015b52e674b908b7f7333706efd5b9532a4ee853d95ce6e9b0bedb66c8d8f,79ed09dc514b430b7a440f405147ce153c4fcd687e8107ea83eda40e4cd0d604,375444c8e9740af42002573e73ee3ba4963e43182bdace1156011f99adff1be3,34497,27.8,27.2,27.2,27.4,27.8,28.6,29.0,29.0,29.0
12a1c3ef1fc24b7ab3fca0c2418014f4c6d37dce507d595341fda219e32131e2,d88a27df3d4c5813aed3679840123897591444d276e112e304f3c32fa91c74f1,2b9f408988d9c059ac1dc4d28805bf82c4ad2fd16e16692e305aa234447b2c3c,73543,17.90909090909091,9.181818181818182,16.454545454545453,17.454545454545453,17.90909090909091,18.818181818181817,20.0,20.454545454545453,29.727272727272727
a458ee86b9c4d6abafbe0f267b89b51e15cf32c581b8a846c06035dfbac57b05,edfecd92a50a0675d4f74b6fd763848b70c3cbaf2287b454bc1da9ce8d855759,f641fb42baa41e13abc542a808f19a2c4109d6f8ff9877272824e62b9b9eb08e,17234,25.55555555555556,24.88888888888889,25.33333333333333,25.55555555555556,25.666666666666668,25.666666666666668,25.77777777777778,25.77777777777778,26.11111111111111
bdb916ec0cc5fd7408fd775a54ce630d55b75ab5903a4070306a86ca768fc515,820199652539a5544782c976b3bb919b16daed14e0e25fe1adfd7a534ffe81ac,1a29a2035e8a4cb1a23c2042d1beb863d0cfe92d87201149c479ce5c44a04a27,7283,123.0,97.0,100.0,113.0,114.0,135.0,159.0,161.0,166.0
0c254329b5f49e169e0f2a3d1061f8faff1bdfa50a86be3b574d6e0d1f6eee14,fce3df39cc253427e6ae74f2fc7bc9db2c0433024274915d80d602380d8e04a6,7051fa9c1b5e09d7905b7c6e2d996998107c0bc48c91bb0f859ebed0b000a97a,17242,2.014705882352941,1.9558823529411764,1.9705882352941173,2.0,2.014705882352941,2.044117647058824,2.073529411764706,2.117647058823529,2.161764705882353
c924118da1a6de0063acf9cf172b2325a65fe87e0466ddcb5f964edfaad4bfb8,fce3df39cc253427e6ae74f2fc7bc9db2c0433024274915d80d602380d8e04a6,7051fa9c1b5e09d7905b7c6e2d996998107c0bc48c91bb0f859ebed0b000a97a,17242,2.014705882352941,1.9558823529411764,1.9705882352941173,2.0,2.014705882352941,2.044117647058824,2.073529411764706,2.117647058823529,2.161764705882353
09aec0fe39f84b7bc95f66961f96d71389af9584fab1d051093609cbb51c701f,3255dc71d02271f80871546e54244d8963f25c45000d50c12ab37bcde22bf13b,e9e104a448c11013b250fefdcf71f90f434ea837d31c92dbb39b59bc836e7842,4849,241.0,136.0,150.0,166.0,220.0,270.0,501.0,507.0,507.0
f07630a2da597286635f91eab12ece02d533e776a76854ae22c2511af8e54ab9,7028cc64141a7e04411bf7940901323153effd5e38743be93964e565ca2dbdae,37ea367836d0909f64166b6753bd2ba58bc8dfdfc8ac9f33173d6f40f056ccda,3827,39.66666666666666,36.333333333333336,37.66666666666666,38.0,38.66666666666666,40.0,45.333333333333336,45.66666666666666,48.0
cb4f5029590dca2f2b697e7d2ab363f221720b20180523c5e37fba2520d39ed6,ce7c8e242f1fd2c39ac500a64fdd10633fed6ec0707cd527d91baa6ec6ef89b0,9bcdc09cd4f51e9a386fa6446a368075ab1d3826daeb74ee9df2f61d9206b422,19233,122.0,111.0,114.0,120.0,121.0,121.0,133.0,135.0,137.0
15a2aa6de34b915ee68c89ea919a97b2871726ab3e6c0e19163e54ff8f80e320,5cf19106078f816d8e8875d739bd3d5c26e4bccd06af184041d812c30e17428a,b649fea02a45097300e43ff5c684a66467d9e94d075ace6144b56b514ff8b79f,43222,2.838235294117647,1.5294117647058822,2.617647058823529,2.794117647058824,2.8823529411764706,2.9705882352941178,3.1323529411764706,3.2794117647058822,5.779411764705882
4cd72352e1dce1401011a52a6df4bcab4d3d3f6bfed28f7bddff264335575e01,d27faf5a98d40a6ba2ff08c0063b11ef34993c5f29d2f8d69647d043c3b4b26f,5d09e27dfc4fb33e20bb4a01737ed8148314936daf691d3574e528dffdba797e,6157,64.5,52.0,58.0,60.5,61.0,63.0,67.0,157.5,157.5
13f0cb511f20881e206b21f1d4d6dd05f3b3653eb24c581b897419b8e170652d,940fb522ccff70261e5d0604347fbbd8ef84bdfd6a06643333b67de0a076e43e,22f463b12def99ba6114261f1a8c1f690382c0ddd9d8bf2655bdab1a1b7f5fc8,28147,2.6923076923076925,2.1923076923076925,2.3653846153846154,2.4615384615384617,2.6538461538461537,2.8653846153846154,3.3461538461538463,3.4423076923076925,3.480769230769231
c9f6e8187913cd6e2d668a249f4167041b6376b05b04ecf226401ae993617e57,c25061a98a0cdeaa3641a41d0562fb7132b16aa357d5294d9a60db667fdab169,452b081762a85e5b64ed76ae449f8fcb4995a335d76d69c2ca376154fc167483,17240,24.166666666666668,22.666666666666668,22.83333333333333,24.33333333333333,24.5,24.666666666666668,24.666666666666668,24.666666666666668,24.666666666666668
7c56374fdc9052612ffcf0a8391ad64c96cd82394e9052b0b1035001ec0686d9,0c9829ac2082a564a19d0ef920cfd576aa050fd693a34c2bfb695f64a4816255,b6ee2c3328157033a45d6ec555d27485f6d34917829ea3845a75422bcaf5d973,17996,116.0,93.0,105.0,111.0,123.0,123.0,125.0,125.0,125.0
4c355dee202e0f37927c55ca3e41c51b29d3b41f3ad0e17d36f3fbeed2228f76,0ccf9c75230e308d25ee3e768f8587aeebb410430a9ae66c5675996974183120,361786de5317c64968b2f5587915fa47efafd299dfb7f905e72037844885be05,36151,5.130434782608695,4.391304347826087,4.434782608695652,4.956521739130435,5.173913043478261,5.3478260869565215,5.869565217391305,6.130434782608695,6.304347826086956
500cd5c22e9da3649b92a17c51e0ab62bcfcb5031bcba4173dc31341d3455264,81d0305d84dd2d59ddff2598ecf943c11ecf5f20b4e00abab52bbae6ca7ef1bb,b60f461c94536df93a665a13f7fec98212fbcdcb84360212459568fcc7bf20d3,35547,56.0,45.5,47.0,51.0,55.0,61.5,70.0,77.5,79.5
5c55699c78e268dda8ac46c2ae1f79b90d5e294c1daa6fceb164bc920405f428,46319ce4ca93214fad507c76bf52f84a84784d6742c8cbb23290b9f495d24894,1aed6a5aa397da392fd0f73a30060ddaffdf548a890b73e666c81a11d2588aa6,41874,4.45,2.1,2.325,3.65,4.625,5.025,6.2,7.7,19.475
97dd7d494127af2d3eb3c13bf1efa2ea4189973dec68a27ba286748b2e2de4fd,bc6a1a7586c7487278c4c44f0d31c4657414da91820f61971d551894d8e668ab,a1d72429fb6a909702b17fe0b1f912a0a3439590f4154c3057ab1c42616544f1,6342,93.5,78.5,82.0,85.5,98.0,100.5,104.5,110.5,117.0
395ebeeffc2b89f4b74ce8fc58a8693fd935994b1cebcccff5b489ceb15da356,67273e89acc518f0a9cb5209c376641eb054477a3c73099943cd96e95f448c13,d1740a8080df4082f9a52e86b5825a0078e5819e31d068a5a0a7445e0b557133,17551,24.2,22.6,24.2,24.2,24.4,24.4,24.4,24.6,24.6
0691cf2b03ca11b9cf0685a65dca4dd82a46477076981289a25f463101607766,0001edd756889b6f8ad48f9d7c03fe42d5bc3deabed9d77751d6fb55f6653ff7,4c5c62b1da65cdd9c5e987a8235ab3b3a74d7229603100326c1cb4096ff4a668,1107,60.5,50.5,53.0,55.5,56.5,66.5,71.0,71.0,71.0
25a50e023958bb43964a63e7751dc4fb71aaac583ca9d81cd3c4424677daa58f,8930fabb127ef8b4ccf11b1a4c507c0d59e1b3bd8e957857c7acfa17ef0ae29a,95d92ab4c2b9f3a3e3d2af6caf50f387a7494225b66a305481bbae7783c5a237,44598,3.775,2.5,2.75,3.15,3.7,4.35,5.0,5.775,6.65
046da8a88599b7d5bd2242efc86d4d62718f69df47e6cdcd771a14d013a83a27,965af031a8b7962ad3c97708a92e0d144d2d787c5abe454563669867fca195ed,0b8143c6b3d067663138416f950970f18473d2f1761020b8b31bf042b59fd42a,20878,34.25,28.25,28.5,33.75,35.0,36.5,36.75,37.25,37.25
762d22c5a3d7590bfaaf38550de01d44946a18c3fb415a04419fb10b97775af2,acfdfa8e231cce425394c7c5901b3e455b558c3c791a50ee1d43121a84ff09d3,7bb1376f980bf6f7f423272134e99ad6b35c1b9cde224e694d3348ef991d9167,19845,198.0,99.0,106.0,202.0,215.0,221.0,226.0,228.0,325.0
74c96889b3a39e24bd0e4b041d7127ad4a90f98e7abf4a2953097ece0e0a1c34,a45faf562f56e38ba5b1dc1f938c9944725ce7da0e6c2487da7a17f80bd3173c,fff4c266c6912dd6dfe2cb32fc6bc42e47a65438e9e9d845514b1e5486509843,17250,117.0,108.0,108.0,118.0,118.0,118.5,119.0,119.0,120.0
0cb7513da722d5670b6d1a64809fcc2b80bd92c0f4705f7aed0baaf025ec435c,3632c7fafb208870293b96c1907dcfe22e826c821900ab3506eebceba9294d34,df55ac1881d6699c7328ee199189549050e78639def5d7904246363068eb0572,17242,97.5,97.5,97.5,98.0,98.0,98.0,98.0,98.0,98.0
fe943988f74bf290a8d2a1b6ede2bb51e5de71b2dc8751b35293472b84f8aff7,51363659d4b26ee2cefe9a0781d7c40f1d9b9a7333294f0c62d1721ed4a76f5c,888f17416e4170e09ebb79483d157c22053b6dbd247f99afdc1aa3246990ddc6,28757,9.571428571428571,8.428571428571429,8.642857142857142,9.071428571428571,9.5,10.0,11.071428571428571,12.357142857142858,12.571428571428571
5c66a11d8ac6e2b731ef204e199ce6f3a360e352c79a4686de3db97bb2166670,0db1e245ae209c3072957d5e194c466f580805a2aa4c872720d8e0679edffec4,7d7ad9ef9f3188f940eb1d1f579097b2bf00d5558741433b3639bb5d80f7a1c2,101134,167.0,128.0,148.0,162.0,165.0,172.0,189.0,216.0,248.0
69993e160c269644c85aa093f163eec616dfe5a64dcabae3aa8f4712e01e314c,7fc1d572a679c0c45cc792221490b05ed4daa9b02d76544bec3fe37ec193e357,34077f203c66d05b665f7b75c3a9a88f42262a942290789d3ea2a70e130923db,20278,34.0,28.0,28.5,33.75,34.5,36.25,36.75,36.75,39.75
d4f06d6331862c6d02fb8ab6ceb1403abcbb0ac5435661f6de6b7b70e1905675,9d3fce5e33b12102be21de3632809e7d0c0f65d8acc4e2871c9a0fc4fd14d1d9,b7342482d73f26c1ff695884854492d6c64be226c133e503a1ad68bfec2e25f8,20040,59.66666666666666,55.66666666666666,57.0,58.66666666666666,60.0,61.333333333333336,62.66666666666666,67.66666666666667,132.0
7c7f4f4a3ccd6ee5dfebf1c1b5cdd97915a6187948190a74bb86c0b72af02b8c,629cb33bbb4f02add1f0962e555bd6423b2cac6d9bdd7b1dd9ce32125fdea97c,be242e48f6707e4653ee9ff04d7720a4d4903b14fcd7c289b45e1a92608bebb9,22319,11.235294117647058,10.235294117647058,10.647058823529411,10.882352941176473,11.235294117647058,11.588235294117649,12.117647058823527,13.529411764705882,16.41176470588235
2200c6de9258230486b892c59558ec8be0048c842a52d81022ba7a902aff1e30,553aaf965592f4af6e31c2ceed2d7cd87b8a0e728b72f72edf75f74ecb752503,4bdaf7c96755d694091a5c5770b11b5a58c7044341a779e6c4afed605dbb63a3,996,37.25,19.25,19.75,23.0,42.0,43.25,45.0,53.75,53.75
37852ddca9aa824d74780c770435d9149308f569ca5d01e85b46eef2d32495b3,7843df5c6f1ae1711f6b2d36a5e485290df06b77904089975ac3af6822ffee72,b6663846d79851dabf28d52841926daa8cdd8f9f7ddef15992a65db8f8ffac2a,4758,47.2,36.2,36.4,38.2,44.0,49.4,74.4,74.4,74.4
f3af0e1c018cf2aaa310c74ecdf2f99eb1328b17438d21ae0597fda04bebd90a,97078d644a054e47f093b8488b3698c4c79b64c48c336b76bb1099c941b32443,c51b4c99f14d7d54d6576aa4263568a3e7750729537d2963c825d13f23647b0f,11342,46.25,24.25,26.75,46.5,48.25,49.5,52.5,53.5,95.75
807066495d58866a7fd11f8286e4cd71f5ad93c35380b6612c48dfb560175901,97078d644a054e47f093b8488b3698c4c79b64c48c336b76bb1099c941b32443,179ad3ca50a92d17d38b9650a569a9d7c7aaf5f9b1334ca971339dc0ed5e0b7e,72255,61.2,47.2,48.6,53.0,54.2,57.2,87.8,128.0,266.8
c5ef475bd46affeb45c4f9656d8fce6e5485fb8bbfb52ccbca9955211978e648,355b20b5792a604249d2a13747c82c7ee89b22058be2188d1d6c93d8c902bf91,475d610cee97ea9b4050b40622d1306b92323b69a33096b0d4b84e60c2da9cfe,75701,8.818181818181818,5.727272727272728,5.818181818181818,7.636363636363637,9.318181818181818,9.727272727272728,10.681818181818182,11.318181818181818,17.59090909090909
4976ad838066ad69f2913923e45f1bd0a5699e9b1b4eb558836f8ecbdee6056e,0681a462220030354aa3b854c1a9a9ce522bc16946045d61258d69c52ecac096,d5f63d73a685707f9db0d246d9278cb59b99756b11b5e0f06e2b5dd7e49ba187,2667,58.66666666666666,33.333333333333336,34.333333333333336,39.66666666666666,65.0,67.33333333333333,71.0,72.0,122.33333333333331
8f7396579ceba8d289a2fcf72eb8cb1d79ab6707495326f91d2925036e885087,ce211fb8b67b0e292746c8f088755f5be1a492d6150773cd941b2470b7e2a19f,d1e970b4a8a61620e4db0f7e736c326b58fdd09e78ebede0672260406046a395,21388,195.0,178.0,184.0,190.0,196.0,202.0,210.0,213.0,241.0
7073b70c33dfc9e970a399680aee3a37f6c0a7c756ad49f0df3ba336bd93393f,486e10ac87f2c7495ab672094483c49e935e6f7e19b2b9b7157be7f9f949244c,77519604621ffb62e20ca384c6d71467724901d535f56a50fbf2f7135f893802,23313,126.0,91.0,102.0,108.0,124.0,140.0,167.0,183.0,193.0
52f91262d9d7b330fb8c2a373f292a59b7647bdd95b80c525ffbfbb977ffdce3,486e10ac87f2c7495ab672094483c49e935e6f7e19b2b9b7157be7f9f949244c,eeaa2fc74a29fb5588ba72954028f41789d8ac5875641bce59d315dc0eaf2817,8404,115.0,88.0,94.0,108.0,113.0,127.0,133.0,134.0,139.0
7866dd64c4a1004c311c160a5163eb48167fef283bb94a00112ee964e2bb198e,486e10ac87f2c7495ab672094483c49e935e6f7e19b2b9b7157be7f9f949244c,0f2826a3b062d9301a32b6a6f9a949e72002931d969a14cf607fa6654cff7e44,42783,47.75,26.75,30.0,38.5,46.25,56.0,71.5,78.0,98.25
fe65c230ae26b0103d42981741be0ca212b250ab118a2711c667a1ff891faeb1,486e10ac87f2c7495ab672094483c49e935e6f7e19b2b9b7157be7f9f949244c,b32fd35ebfc893d282e742cba31ae5cf6414222d1fd88fc58f5e3760ca68e274,21877,121.0,90.0,98.0,107.0,122.0,124.0,152.0,153.0,153.0
a27a9929c5bcf9fd535415a4ba03eabab5bef7760ce2266978a34174536e3b06,0f5e1fb1f7f9eca79fad833cdd501fc3d21c01a113cd3d9dc2b3b468970aa864,c9f5c6850e40b74fe5097e420069b92185e13488436d2eba7d6211a8c01da5a8,17032,126.5,115.0,119.5,124.0,127.0,130.0,134.5,137.5,140.0
8a18966bc8eb1667e9b5e730def06571b828364b27f84fb38124677d38833b34,34c5cc8683a91d1cd72a1bab556558c8ae6c57e062c292b056830635d1aaacc3,5bd1288b9decde9dfa7f690dd60d7ed5388490efed3d42139a05f3b2ab7482f4,7317,34.333333333333336,27.666666666666668,31.33333333333333,32.0,33.333333333333336,38.66666666666666,39.333333333333336,40.66666666666666,41.66666666666666
199cb42595ec9f4190feb982fa9be352e003c72e5373549b40af63a24001ad2e,f058137865067fb7169da83e324ce1da357cefbf6f413c0243ec4af1895af05b,9b25d44f32d2e5c1ed7ae480b0767ea4792f98bc4370753fb076298dc0a6a01b,8696,98.5,88.0,88.5,95.5,99.0,102.0,108.5,109.0,195.0
33308aa264005831d6de97cb6b2bddbb1cf8fc7ef0b6dccd1e06a3f9b88c6696,c989faa4acb691e73f62df743572ab783697398878fd6342a614bbe5db53366e,efa1941f1304f7a68c602fb2c563d83bfbc5fe5a4fa1c865e995bad5954e74b3,8355,114.0,90.0,106.0,111.0,112.0,114.0,134.0,136.0,136.0
74bca6855fdfe7ba85317ab6d8669c359cc862727fcbaf88416afd87ab85d220,9d16a2a1e63be83b6f9cc6fcb213fde254b73ecd8cab79f0e124b7c98c663955,72241a73c5138c4977b80e4eb6c0a80f958ad56be86811cb7f2821a71bba22ba,263,102.0,81.5,101.0,101.5,102.5,102.5,105.0,119.0,119.0
35ba03daff49aaa6e8f406df1c051ffb2c183e324371518f8b6aa5aa69d0c326,7be6312a3b51be10c30836b55b10d002b802fdd0ff9d24f3f0cd091bcb2bfefb,cafe38a11e549f987beb8e176709df0dd18f09f251c4b827753a5407fb44bd60,22496,23.0,20.33333333333333,21.5,22.33333333333333,23.0,23.666666666666668,24.83333333333333,26.0,27.33333333333333
64e7c2dd518a9f10bc79af473f8f0fe911f8a123a5739c189388b5c29ae89e0d,33d7e96586eb12287d27cd30e26ee0c73629e77ac73e154d79bbaa2d4a9a1a50,77a830ead83a03b937b8b84b7c5ecc14367f523dab198ce36b63f05bdd8d972d,22203,62.5,55.0,57.5,60.5,63.0,64.5,69.5,70.0,76.0
2cd56bd6dd2e9e6a3a6cfd48d3cf4b3c245dd36684e177a94354bb1ca710c809,e59246fde5feca6a17b8cd1464f1c5ef5b61a7ad5fa263c826f4a10d707cd853,1df92986500c3aa5cd56dd785c9d1f366c6b38421b8b7ebc90ede7b565419af1,61449,9.933333333333334,7.933333333333334,8.0,9.066666666666666,10.133333333333333,10.266666666666667,14.6,14.6,14.666666666666666
4f8ff34f6bbfee2e5bc2db98bf278384c894bfbbb2a729426b5219b1529ac095,3ba1858467e872a28681f99450dc1b690152be6dc3bc0f86f29f6aa8f012e9c3,5509b8d12fa261b1fde950d385399bc6406dd2cae03ef5ac2f8cd93d6a844aa5,17235,117.0,97.0,97.0,97.0,97.0,169.0,169.0,169.0,213.0
0b8bdf3e1dbd827032c944190a28c0632716deef7e827b5d3aa6ed0a232be7cf,d99120ef05535570d294a076308a835d47aeb8df68acf8ae2850f390c6c0723e,ccb3f3ab283b6a7e20f46222a6fed29ef0fc01a393549f3d40e2b7eab379541d,34578,11.25,9.916666666666666,10.25,10.833333333333334,11.166666666666666,12.0,12.333333333333334,12.5,12.5
8fe72390bdd456e3e67822bf68c621e0b1102bd99d5304a434961e494fa32f64,12a4f41883644f686917e847ca44324ebbeb9a5942750561cf0832189ebf2b49,aa33c370bbdc55466cdd4ec072149ca1f9e5454cbeb5097f33fd213d109a78aa,11829,104.0,83.0,96.0,98.0,107.0,111.0,113.0,114.0,117.0
c3772de8f56c5c29379ac1d671457f252a3cd0c99918bcb79bf1a94918aad6e6,0673afdf2992d66e86e684bddf6f777b592ce24c836c8a15e7c3eb03971f5714,2f23804abb8cfd21294a2916c7ad3df0acb62b82036319100d49620fd34a00b8,21605,217.0,120.0,130.0,217.0,230.0,236.0,247.0,255.0,287.0
0450677650c9c08b293309bc3781a2a4a2f04d0cdcd2ad3774b9b316d7de9956,77fa2040519aeb2b2cfa7e6eae744e74adafd96c5251ef7c17a7fa1380a3ce0b,575a36c082ab759971e7d7f2256da695c575f02475b99cc7de7ff3f027b6216f,21744,26.5,22.625,23.5,26.0,26.625,27.5,28.375,28.75,40.375
a59244f22f2e395434d51e6dd2076cff11e1d181fb6de4b811c909d0cfe14901,279c99177b2239a9353b4fe8b31b7b2675fd065faf96a6ba829b8d7b09602060,c84702efcab294377d8337c8acebe4a05ae6a44c3126ed7abd6652b531f80502,17253,164.0,164.0,164.0,164.0,165.0,165.0,166.0,166.0,166.0
17777e17d0463387710a37c8101729791d747b3e70e340bcf13fd63e923b729e,f6c788c7e2204e3cd54a1d7ffca1b344773b3434d3d6a16b371d822a58473e5b,aaa9d6e047779d0e9568e38f25984817aa83ac8551ece324a0e5360c0f2d439c,20903,26.428571428571427,13.285714285714286,13.714285714285714,26.428571428571427,27.142857142857142,28.428571428571427,29.714285714285715,36.0,42.0
a4cd330134a6d4973a5cbbd2ba5e77ddf52f31a920a853ee4ddd80ecf0c6edca,041a64c9b0d9c64fb5ed567c715a5b20508a52c5f9fbd2e17930b008c8e0e449,24ac3a9c4886e050dc6d7b97057890a682d31856bce52d1d799a9a36460780f6,26055,28.5,23.0,23.75,26.5,27.75,31.25,34.25,35.25,37.5
01f5385d960e92e89b76f9633f8e31ea67b527ef41e30a74bfdacf3cee1a29dd,7df3c82203f3a9b8e70c13f264c0efbaa99b9785c58755e3da0a5fc40522be89,c7e7606c558421c57af247de96006c670392f4747a1bade86c61fff3a324408f,6970,72.0,54.0,55.0,61.5,66.5,86.5,97.5,98.5,98.5
44bbcdfe942fed4dc54036c7304fb8f5bba5e55cbe4367fa225e5bf66f02770d,d454b3f65e91d057c015a0b84809798f20d0eb1c483a91000cf6dc58c986eaae,64b9ebea442262fe6bea364030dfb2454caf37b4552b9e9ccf8b5898afe24be3,20911,12.4,11.0,11.3,11.9,12.3,13.0,13.7,13.9,14.6
255cb5efbe7324f962aa4b03a65882f521a8efad515c486e7131dab83e7867ee,c315c5c56795b745589b4e07f250e04fd4c12623e5c6f612b2b276174813bbfe,8e062a005b971f6afa334e8817d583b9ddff11028eaa05ec4e38c6783813794d,26640,9.583333333333334,5.416666666666667,8.0,8.75,9.75,10.666666666666666,11.666666666666666,12.166666666666666,12.666666666666666
04b627af70418d4fc6ee75093a19aa938b807fb3ab4c22250dff5660f5df660f,7796dd2955b15ab4f52ee7697f6bafb6be1cb98e0b3e38291f430b7540b42ac8,63ee3829952ee6dd25d71218f013e9c9b92d0557c4684e277d97821ca1ac1359,17196,123.0,114.0,114.0,117.0,120.0,137.0,137.0,137.0,137.0
1244a5b94709cfaa2fa309de715e437f7d664a677037ba17785d65008786fdb6,64c3698bab721c818864f417c56ade535c191b453d057331f269fa352afd6534,901b2bddbf4792266dbe3d62c2f5e2ef4df6e959c1a72e6596695ff3d8f7bcaf,17835,18.0,10.75,14.0,15.75,19.25,20.33333333333333,21.916666666666668,25.25,25.25
e9eb4373a2862448d59fe3e5667cd85388a96d29281fc62633356544714847a5,64c3698bab721c818864f417c56ade535c191b453d057331f269fa352afd6534,2304542af5156f9148d0582975bcbfbcc90bec8daff0793cb66f5e6b9a919d4b,17251,17.125,16.625,16.625,17.0,17.25,17.5,17.625,18.0,18.0
6e05b39b8e016ceece29700282222bc168621d15962902852864d2512222f8f1,63f856567e34550991cb9d07371f247a281273fd157d2ddd8a9747324ce9d31d,f0366caaa4741d27f63481add889e216d9c3ef676ac78a1d5986abad1a106097,190537,22.166666666666668,16.666666666666668,16.666666666666668,19.83333333333333,22.5,26.0,27.33333333333333,27.33333333333333,27.5
bde6a52724b730fa9c0e7aaf3bbc22933541d1470dcd11128b40f1f49bd2263d,c5e06ac84416c56a0ee30a98514f66ff7acdb1601bae39685ab959ba5787d1c3,383b8d13c23f53e2bfa49f95902d5537a142dc0cbfc13e4754e731320dba32c9,23663,14.666666666666666,10.666666666666666,12.444444444444445,13.77777777777778,14.666666666666666,16.0,16.444444444444443,17.0,17.22222222222222
237107fbe8eef9c12b91435fd63e68048cedd8b5f3c2c665960b45b9bf360e3e,25f90d0cec69387fde8cb8163dafc78908da4cbe75c09140d66fb87c602a3b39,fad2914f29ba250fdd7123867d4dc529f97f81ee619f0c4dcdbe424ddf40e1d6,22371,60.66666666666666,45.66666666666666,47.66666666666666,59.0,63.0,64.66666666666667,68.0,70.66666666666667,72.66666666666667
9ee34f939f0ebc9e6d3b7cd4dc07814107c10d794a83f2abbe1229883b00e8cc,51e8b401023bec5609fabf67b7f3c24d4704a969fd073f40879635dab4bea90d,ea429ed7bbf3d7e5e1bed106f7488252759b8fa26f3110b560f7c1e94b37eeb9,17249,177.0,177.0,177.0,177.0,177.0,177.0,177.0,177.0,177.0
5f4b2943436438e35942added19c1b3c79b436d3d2944365c48b0d9a1823e4f8,50b670a8cc291d9a1d02e94c4b7714e55091d36eea67f74db5b9c4e1d67cdbcc,0c806ba73c826034d2376e6fb730a1ee2be6e58039d6df8685005cf465850c15,17254,128.0,128.0,128.0,128.0,128.0,128.0,128.0,128.0,128.0
e4bc503bbc6e6d8e5117610b7086706485f3234c0c82312548e1e2728d4e1a99,03fdd2e5ca405f200002a9f1e487ee8edc4e72efee1fba2b4750d8d5186e60d2,62748773bfef739ca9e90db2ebd8647150a0d51aeef965b5a95286c26bec3650,25787,22.4,19.2,19.9,21.2,22.4,23.2,24.7,29.5,30.8
43519aa229c20e4c8983b9e25452eba7d98c9b554d65e591605fac376ad4ac7f,192eaa5911e846fb40a22c198b21c26337f07891fadb30c4bdb887f8228834df,0c16aeb910b0c58f5a1a37a8e0fde5d28d52d4e82161ec104592e5cfe47a0238,6281,9.4,7.95,8.7,8.95,9.05,10.2,10.55,10.8,13.3
d773f19574ab683a9e6f6439ffd4752ad28e3bbf6bded248cbc7cc900d8d91c5,c5d14581e638ce427c16c1730d6c8fc1f8d369e59db099fb6b0f8a12a8147a3b,0dbd715c9ffffdcb563c252f89069d7009460ced7bf55628444e040b1e9c5b22,14329,47.66666666666666,36.0,41.333333333333336,46.0,47.0,50.0,53.333333333333336,53.66666666666666,53.66666666666666
2de6d3e591b6af737178d1a63b3d96897b437bbafaf8dbc5bbfae18fd7ba10cf,dd5124f14ac23dae0f5bb6df248a10e21d9f75f48324bfd8e0741e01ea46e665,f5d84bb8b479aa13b7cdb49a0bb70feaf68dd24707be0f1e47f840c92d0ec6c3,12669,27.4,21.6,22.4,23.6,25.6,29.0,37.2,50.6,68.4
a60833ac8af48ede629ca809f84438dcf8ba1ef206cc49e21f23a6442018145a,fd8a2430aa1d1b6fb9e059ff6268eabf8bbd77e68a6d5f38195a67820149b0ab,a6e8a4815dc8e1cc93766e7241880eb55b2791a85cd52f67ad830b18a7cb8a5e,76845,25.4,19.0,20.6,23.6,25.4,27.0,30.2,31.8,33.8
e37852a55deab5d50cb1f3b47f4446004cfe97b9d7a8e0f48f0c16412d23121f,3a62305862a9f231027b456d2ea7900227c5f8ced24ffc2c3fc92b81543aa69c,194e3bf72857a2b190553b2e8848d352d2b861118544228409e3b734f95c334f,20814,95.0,84.5,90.0,94.0,95.0,96.5,99.5,103.0,161.0
f166b8a1edb7dcc32c209b2d15372bbff634dd741ab15ab97106acd8c72a12c2,0b838512c0111cc3b046eb7b52a4a39fe282624c90c90c7f1ec496d47acbd203,b211df00dc450319b33e72261f3f8c5f432b5fc8ee68ee6291cdfcc8211c6365,18179,60.5,56.5,57.5,58.5,59.0,65.0,66.5,67.0,88.0
9a30509ceb41cbd6a8bcba4db76b833ba0cc8ae392f125f74323e93a6230c37b,edb684e28a7f5fc135aabf741b78b49610449933d9f0933b356a058ddd3bde45,8209bc3cf950371199ef35f8f91b85e2323ed5b3ee76d02387fe7d214ebd179a,5826,47.5,33.0,39.5,44.0,46.0,51.5,57.5,68.5,69.0
a133f06690c396609b1178854836ae8f34caa6ceb589ccffd1e956088f7dcd19,07a0c7ea035ae84d27bfbb3b9c462152b932f5743eda198551fe63cacd3703a1,b9c6af7b56b229d8c166f4416d00e0af73bc41764ed636b3f801b201a760a308,18954,66.5,58.5,60.5,65.0,66.0,68.5,76.0,79.0,82.5
4ffa3128497836c22a8a6bf21a61c74c9dcfb103108883972612cb5f513953b3,e328b4c3abc0644d21080faeb5b120481e64ae0f80f6e9fa42f1f196ffc1c37c,d579480379457cec5e4dedbddf3eb1cf98e6230edf0f489ee438f01bbfc04899,15190,184.0,78.0,92.0,175.0,188.0,201.0,215.0,239.0,390.0
73957da83ec8168420b6d16e30da9aa756c3f56e0fc156868d4a626765bad0c6,05930766e686441703a618be444f0d9e5a056f517918320a88aa32aa2b32b498,31adf7c3d21f0ebbc0ef36910b030c1498ab090afa8950e43a63cf8cd918a03d,277,186.0,177.0,177.0,183.0,190.0,190.0,190.0,214.0,214.0
d8d64b543c631aa63218d208cbacec84656a02e81598434c753dd55e68a5edb6,8fd53fe1aa335f31c8f41f014794badfdbd31def02b17adb839a589de00afb46,354d571e884eafea57384276d0174591acb418e2477122485980602571ebf9ba,17235,66.0,64.0,64.0,66.0,66.0,67.5,67.5,67.5,67.5
